Name,Address,Latitude,Longitude,Primary Surface,Secondary Surface,Owner,Number of Courts,Lights/No Lights,Pickleball Lines,Indoor/Outdoor,Public/Private,City,Tennis Club Name,Club Website,Membership,Winter Play,Phone,Type,Public City URL,Indoor Court Type,Notes,Operating Season,Public Hours Monday,Public Hours Tuesday,Public Hours Wednesday,Public Hours Thursday,Public Hours Friday,Public Hours Saturday,Public Hours Sunday,Public Hours Holidays,Public Hours Verified
Agincourt Park,"31 Glen Watford Dr, Scarborough, ON M1S 2E2",43.78825337,-79.27404051,Hardcourt-Acrylic,,City of Toronto,4,Lights,No,Outdoor,Private with some public hours,Scarborough,Agincourt Tennis Club,http://www.agincourttennisclub.ca,Open,No,311,Club,https://www.toronto.ca/explore-enjoy/parks-recreation/places-spaces/parks-and-recreation-facilities/location/?id=2341,,,Summer,,4 p.m. - 6 p.m.,,4 p.m. - 6 p.m.,,,2 p.m. - 4 p.m.,2 p.m. - 4 p.m.,
Alamosa Park,"111 Alamosa Dr, Toronto, ON M2J 2N9",43.78105024,-79.36911185,Hardcourt-Acrylic,,City of Toronto,3,No Lights,No,Outdoor,Private with some public hours,Toronto,Bridlebrook Tennis Club,https://www.bridlebrooktennisclub.org/,Open,No,416-496-0225,Club,https://www.toronto.ca/explore-enjoy/parks-recreation/places-spaces/parks-and-recreation-facilities/location/?id=1044,,,Summer,,,,,,3 p.m. - 6 p.m.,3 p.m. - 6 p.m.,,2026
Albion Gardens Park,"41 Deanlea Ct, Etobicoke, ON M9V 2R5",43.73931648,-79.55869606,Hardcourt-Acrylic,,City of Toronto,3,Lights,3,Outdoor,Public,Etobicoke,,,,No,311,Public,https://www.toronto.ca/explore-enjoy/parks-recreation/places-spaces/parks-and-recreation-facilities/location/?id=923,,,Summer,,,,,,,,,
Amesbury Park,"155 Culford Rd, North York, ON M6M 4K6",43.70536104,-79.48684552,Hardcourt-Asphalt,,City of Toronto,2,No Lights,1,Outdoor,Public,North York,,,,Yes,311,Public,https://www.toronto.ca/explore-enjoy/parks-recreation/places-spaces/parks-and-recreation-facilities/location/?id=484,,,Summer,,,,,,,,,
Ancaster Park,"43 Ancaster Rd, North York, ON M3K 1K8",43.73386288,-79.46557286,Hardcourt-Asphalt,,City of Toronto,3,No Lights,1,Outdoor,Public,North York,,,,No,311,Public,https://www.toronto.ca/explore-enjoy/parks-recreation/places-spaces/parks-and-recreation-facilities/location/?id=491,,,Summer,,,,,,,,,
Angela James Arena & Tennis Courts,"165 Grenoble Dr, North York, ON M3C 1C1",43.71307487,-79.32781369,Hardcourt-Asphalt,,City of Toronto,4,Lights,4,Outdoor,Public,North York,,,,No,311,Public,https://www.toronto.ca/explore-enjoy/parks-recreation/places-spaces/parks-and-recreation-facilities/location/?id=582,,,Summer,,,,,,,,,
Antibes Community Centre,"140 Antibes Dr, North York, ON M2R 3J3",43.7811111,-79.44670355,Hardcourt-Asphalt,,City of Toronto,1,No Lights,1,Outdoor,Public,North York,,,,Yes,311,Public,https://www.toronto.ca/explore-enjoy/parks-recreation/places-spaces/parks-and-recreation-facilities/location/?id=42,,,Summer,,,,,,,,,
Banbury Park,"120 Banbury Rd, North York, ON M3B 2L3",43.74287046,-79.36968288,Hardcourt-Acrylic,,City of Toronto,4,Lights,No,Outdoor,Private with some public hours,North York,Banbury Tennis Club,http://www.banburytennisclub.net,Open,No,416-443- 0941,Club,https://www.toronto.ca/explore-enjoy/parks-recreation/places-spaces/parks-and-recreation-facilities/location/?id=2113,,,Summer,,,,,,2 p.m. - 5 p.m.,2 p.m. - 5 p.m.,,2026
Baycrest Park,"160 Neptune Dr, North York, ON M6A 1X4",43.72874409,-79.44396954,Hardcourt-Asphalt,,City of Toronto,2,Lights,2,Outdoor,Public,North York,,,,Yes,311,Public,https://www.toronto.ca/explore-enjoy/parks-recreation/places-spaces/parks-and-recreation-facilities/location/?id=513,,,Summer,,,,,,,,,
Bayview Village Park,"2945 Bayview Ave, North York, ON M2K 1L6",43.77334023,-79.38882951,Hardcourt-Asphalt,,City of Toronto,3,No Lights,1,Outdoor,Public,North York,,,,No,311,Public,https://www.toronto.ca/explore-enjoy/parks-recreation/places-spaces/parks-and-recreation-facilities/location/?id=517,,,Summer,,,,,,,,,
Beaches Park,"2075 Queen St E, Toronto, ON M4E 2N8",43.66630167,-79.3003664,Hardcourt-Acrylic,,City of Toronto,10,Lights,No,Outdoor,Private with some public hours,Toronto,Kew Gardens Tennis Club,http://www.kewgardenstennis.ca,Open,No,416-699-1635,Club,https://www.toronto.ca/explore-enjoy/parks-recreation/places-spaces/parks-and-recreation-facilities/location/?id=219,,,Summer,,,,,,,4 p.m. - 10 p.m.,,
Beaumonde Heights Park,"17 Waltham Dr, Etobicoke, ON M9V 1S6",43.74005195,-79.57281802,Hardcourt-Asphalt,,City of Toronto,3,No Lights,2,Outdoor,Public,Etobicoke,,,,No,311,Public,https://www.toronto.ca/explore-enjoy/parks-recreation/places-spaces/parks-and-recreation-facilities/location/?id=826,,,Summer,,,,,,,,,
Bellbury Park,"55 Van Horne Ave, Toronto, ON M2J 2S9",43.78442941,-79.36100987,Hardcourt-Acrylic,,City of Toronto,5,Lights,No,Outdoor,Private with some public hours,Toronto,Bellbury Tennis Club,http://www.bellburytennisclub.com,Open,No,416-806-0654,Club,https://www.toronto.ca/explore-enjoy/parks-recreation/places-spaces/parks-and-recreation-facilities/location/?id=518,,,Summer,,,,,,12 p.m. - 3 p.m.,12 p.m. - 3 p.m.,,
Bennington Heights Park,"465 Heath St E, East York, ON M4G 1B7",43.69498526,-79.37021162,Hardcourt-Acrylic,,City of Toronto,2,Lights,1,Outdoor,Private with some public hours,Toronto,Bennington Heights Tennis Club,http://www.benningtonheightstennis.org,Open,No,311,Club,https://www.toronto.ca/explore-enjoy/parks-recreation/places-spaces/parks-and-recreation-facilities/location/?id=1025,,,Summer,,,,,,8 p.m. - 11 p.m.,8 p.m. - 11 p.m.,,
Bestview Park,"115 Bestview Dr, North York, ON M2M 2Y3",43.80254869,-79.38318515,Hardcourt-Asphalt,,City of Toronto,3,Lights,3,Outdoor,Public reservable,North York,,,,Yes,311,Public,https://www.toronto.ca/explore-enjoy/parks-recreation/places-spaces/parks-and-recreation-facilities/location/?id=521,,,Summer,,,,,,,,,
Birch Park,"75 Arcadian Cir, Etobicoke, ON M8W 2Z5",43.59111733,-79.52660532,Hardcourt-Asphalt,,City of Toronto,2,Lights,2,Outdoor,Public,Etobicoke,,,,Yes,311,Public,https://www.toronto.ca/explore-enjoy/parks-recreation/places-spaces/parks-and-recreation-facilities/location/?id=827,,,Summer,,,,,,,,,
Birchmount Park,"95 Birchmount Rd, Scarborough, ON M1N 2G2",43.69731213,-79.26157701,Hardcourt-Asphalt,,City of Toronto,2,Lights,1,Outdoor,Public,Scarborough,,,,Yes,311,Public,https://www.toronto.ca/explore-enjoy/parks-recreation/places-spaces/parks-and-recreation-facilities/location/?id=550,,,Summer,,,,,,,,,
Bloordale Park South,"230 Renforth Dr, Toronto, ON M9C 2K9",43.6358405,-79.56830533,Hardcourt-Asphalt,,City of Toronto,2,No Lights,No,Outdoor,Public,Toronto,,,,No,311,Public,https://www.toronto.ca/explore-enjoy/parks-recreation/places-spaces/parks-and-recreation-facilities/location/?id=2795,,,Summer,,,,,,,,,
Bond Park,"120 Bond Ave, North York, ON M3B 1C9",43.7466046,-79.35046571,Hardcourt-Acrylic,,City of Toronto,6,Lights,No,Outdoor,Private with some public hours,North York,The Don Mills Tennis Club  http://www.donmillstennisclub.com,http://www.nywintertennisclub.com,Open,No,416 444-7311,Club,https://www.toronto.ca/explore-enjoy/parks-recreation/places-spaces/parks-and-recreation-facilities/location/?id=465,,,Summer,,,,,,9 p.m. - 11 p.m.,8 a.m. - 10 a.m.; 9 p.m. - 11 p.m.,,
Botany Hill Park,"277 Orton Park Rd, Scarborough, ON M1G 3T4",43.77781386,-79.21098179,Hardcourt-Acrylic,,City of Toronto,4,Lights,No,Outdoor,Private with some public hours,Scarborough,Curran Hall Park Tennis Club,https://clubspark.ca/CurranHallParkTC,,No,311,Club,https://www.toronto.ca/explore-enjoy/parks-recreation/places-spaces/parks-and-recreation-facilities/location/?id=560,,,Summer,,,,,,,5 p.m. to 11 p.m.,2 p.m. - 5 p.m.,
Bridlewood Park,"445 Huntingwood Dr, Scarborough, ON M1W 1G3",43.78320199,-79.31612234,Hardcourt-Acrylic,,City of Toronto,3,Lights,No,Outdoor,Private with some public hours,Scarborough,Bridlewood Tennis Club,http://www.bridlewoodtennis.ca,Open,No,311,Club,https://www.toronto.ca/explore-enjoy/parks-recreation/places-spaces/parks-and-recreation-facilities/location/?id=578,,,Summer,,,,,,4 p.m. - 7 p.m.,4 p.m. - 7 p.m.,12 p.m. - 2 p.m.,
Broadlands Park,"19 Castlegrove Blvd, North York, ON M3A 1K5",43.7460291,-79.32204403,Hardcourt-Acrylic,,City of Toronto,4,Lights,No,Outdoor,Private with some public hours,North York,O'Connor Hills Tennis Club,http://www.oconnorhillstennis.com,Open,No,416-707-5930,Club,https://www.toronto.ca/explore-enjoy/parks-recreation/places-spaces/parks-and-recreation-facilities/location/?id=215,,,Summer,,,,,,3 p.m. - 6 p.m.,3 p.m. - 6 p.m.,4 p.m. - 6 p.m.,
Buttonwood Park,"30 Mulham Pl, Etobicoke, ON M9A 4W1",43.68193045,-79.51956261,Hardcourt-Asphalt,,City of Toronto,3,Lights,3,Outdoor,Public reservable,Etobicoke,,,,No,311,Public,https://www.toronto.ca/explore-enjoy/parks-recreation/places-spaces/parks-and-recreation-facilities/location/?id=813,,,Summer,,,,,,,,,
Cassandra Park,"230 Cassandra Blvd, Toronto, ON M3A 1T8",43.75458935,-79.31833068,Hardcourt-Acrylic,,City of Toronto,4,Lights,No,Outdoor,Private with some public hours,Toronto,Parkway Valley Tennis Club,http://www.pvtc.ca,Open,No,416-391-3962,Club,https://www.toronto.ca/explore-enjoy/parks-recreation/places-spaces/parks-and-recreation-facilities/location/?id=16,,,Summer,,,,,,4 p.m. - 7 p.m.,4 p.m. - 7 p.m.,3 p.m. - 5 p.m.,
Cedarvale Park,"443 Arlington Ave, Toronto, ON M6C 3A2",43.69273291,-79.43211169,Hardcourt-Acrylic,,City of Toronto,4,Lights,2,Outdoor,Public,Toronto,,,,No,311,Public,https://www.toronto.ca/explore-enjoy/parks-recreation/places-spaces/parks-and-recreation-facilities/location/?id=629,,,Summer,,,,,,,,,
Chalkfarm Park,"2230 Jane St, North York, ON M3L 2J1",43.72666912,-79.51577199,Hardcourt-Asphalt,,City of Toronto,2,No Lights,1,Outdoor,Public,North York,,,,Yes,311,Public,https://www.toronto.ca/explore-enjoy/parks-recreation/places-spaces/parks-and-recreation-facilities/location/?id=632,,,Summer,,,,,,,,,
Champlain Parkette,"50 Champlain Blvd, Toronto, ON M3H",43.73221166,-79.44465614,Hardcourt-Asphalt,,City of Toronto,2,No Lights,2,Outdoor,Public reservable,Toronto,,,,No,311,Public,https://www.toronto.ca/explore-enjoy/parks-recreation/places-spaces/parks-and-recreation-facilities/location/?id=2200,,,Summer,,,,,,,,,
Charlottetown Park,"65 Charlottetown Blvd, Scarborough, ON M1C 2C6",43.78082462,-79.14021991,Hardcourt-Acrylic,,City of Toronto,3,Lights,No,Outdoor,Private with some public hours,Scarborough,Charlottetown Tennis Club,http://www.charlottetowntennis.com,Open,No,416-284-3575,Club,https://www.toronto.ca/explore-enjoy/parks-recreation/places-spaces/parks-and-recreation-facilities/location/?id=540,,,Summer,,4 p.m. - 6 p.m.,4 p.m. - 6 p.m.,,,,1 p.m. - 3 p.m.,10 a.m. - 12 p.m.,
Clairlea Park,"45 Fairfax Crescent, Toronto, ON M1L 1Z6",43.71429769,-79.28777802,Hardcourt-Asphalt,,City of Toronto,2,No Lights,1,Outdoor,Public,Toronto,,,,No,311,Public,https://www.toronto.ca/explore-enjoy/parks-recreation/places-spaces/parks-and-recreation-facilities/location/?id=2307,,,Summer,,,,,,,,,
Cliffwood Park,"280 Cliffwood Rd, North York, ON M2H 2S7",43.80827502,-79.35469986,Hardcourt-Asphalt,,City of Toronto,3,No Lights,3,Outdoor,Public reservable,North York,,,,No,311,Public,https://www.toronto.ca/explore-enjoy/parks-recreation/places-spaces/parks-and-recreation-facilities/location/?id=493,,,Summer,,,,,,,,,
Cloverdale Park,"63 Shaver Ave S, Etobicoke, ON M9B 3T6",43.63374452,-79.5448478,Hardcourt-Asphalt,,City of Toronto,3,Lights,3,Outdoor,Public,Etobicoke,,,,Yes,311,Public,https://www.toronto.ca/explore-enjoy/parks-recreation/places-spaces/parks-and-recreation-facilities/location/?id=935,,,Summer,,,,,,,,,
Clydesdale Park,"116 Clydesdale Dr, North York, ON M2J 3N2",43.7836978,-79.32963303,Hardcourt-Acrylic,,City of Toronto,4,Lights,No,Outdoor,Private with some public hours,North York,Pleasantview Tennis Club,http://www.pleasantviewtennis.com,Open,No,311,Club,https://www.toronto.ca/explore-enjoy/parks-recreation/places-spaces/parks-and-recreation-facilities/location/?id=494,,,Summer,,,,,,1 p.m. - 4 p.m.,1 p.m. - 4 p.m.,2 p.m. - 4 p.m.,
Coleman Park,"19 Coleman Ave, Toronto, ON M4C 1P8",43.68953874,-79.29959109,Hardcourt-Asphalt,,City of Toronto,2,No Lights,No,Outdoor,Public,Toronto,,,,No,311,Public,https://www.toronto.ca/explore-enjoy/parks-recreation/places-spaces/parks-and-recreation-facilities/location/?id=220,,,Summer,,,,,,,,,
Confederation Park,"250 Dolly Varden Blvd, Scarborough, ON M1H 2J6",43.77346601,-79.23597817,Hardcourt-Acrylic,,City of Toronto,3,Lights,No,Outdoor,Private with some public hours,Scarborough,Centennial Tennis Club,,Open,No,311,Club,https://www.toronto.ca/explore-enjoy/parks-recreation/places-spaces/parks-and-recreation-facilities/location/?id=2262,,,Summer,4 p.m. - 6 p.m.,,,,,1 p.m. - 3 p.m.,1 a.m. - 3 a.m.,4 p.m. - 6 p.m.,
Cosburn Park,"115 Roosevelt Rd, East York, ON M4J 2K5",43.69292252,-79.33032646,Hardcourt-Acrylic,,City of Toronto,5,Lights,No,Outdoor,Private with some public hours,Toronto,East York Tennis Club ,https://www.eastyorktennisclub.com/eytc/home/readPage.do?id=141&history=clear,,No,311,Club,https://www.toronto.ca/explore-enjoy/parks-recreation/places-spaces/parks-and-recreation-facilities/location/?id=2568,,,Summer,,,,,,7 p.m. - 11 p.m.,7 p.m. - 11 p.m.,7 p.m. - 11 p.m.,2026
Cresthaven Park,"37 Cresthaven Dr, North York, ON M2H 1L9",43.79849507,-79.3632372,Hardcourt-Acrylic,,City of Toronto,4,Lights,No,Outdoor,Private with some public hours,North York,Hillcrest Tennis Club,http://www.hillcresttennisclub.ca,Open,No,416-756-2929,Club,https://www.toronto.ca/explore-enjoy/parks-recreation/places-spaces/parks-and-recreation-facilities/location/?id=496,,,Summer,,,,,,12 p.m. - 3 p.m.,12 p.m. - 3 p.m.,,
Cummer Park,"6000 Leslie St, North York, ON M2H 1N9",43.79982406,-79.37234771,Hardcourt-Asphalt,,City of Toronto,4,Lights,2,Outdoor,Public,North York,,,,Yes,311,Public,https://www.toronto.ca/explore-enjoy/parks-recreation/places-spaces/parks-and-recreation-facilities/location/?id=941,,,Summer,,,,,,,,,
Dovercourt Park,"155 Bartlett Ave, Toronto, ON M6H 3G1",43.66553636,-79.43335239,Hardcourt-Acrylic,,City of Toronto,2,No Lights,No,Outdoor,Public,Toronto,,,,Yes,311,Public,https://www.toronto.ca/explore-enjoy/parks-recreation/places-spaces/parks-and-recreation-facilities/location/?id=86,,,Summer,,,,,,,,,
Dunlace Park,"28 Dunlace Dr, Toronto, ON M2L 2S1",43.76261568,-79.3684435,Hardcourt-Acrylic,,City of Toronto,3,Lights,No,Outdoor,Private with some public hours,Toronto,Dunlace Tennis Club,http://www.dunlacetennis.com,Open,No,289-809-3061,Club,https://www.toronto.ca/explore-enjoy/parks-recreation/places-spaces/parks-and-recreation-facilities/location/?id=501,,,Summer,,,,,12 p.m. - 3 p.m.,12 p.m. - 3 p.m.,,,
Earlscourt Park,"1200 Lansdowne Ave, Toronto, ON M6H 4K8",43.67227345,-79.44905612,Hardcourt-Asphalt,,City of Toronto,1,Lights,5,Outdoor,Public,Toronto,,,,No,311,Public,https://www.toronto.ca/explore-enjoy/parks-recreation/places-spaces/parks-and-recreation-facilities/location/?id=514,,,Summer,,,,,,,,,
East Mall Park,"355 The East Mall, Etobicoke, ON M9B 3Z7",43.64147357,-79.55689908,Hardcourt-Asphalt,,City of Toronto,3,No Lights,No,Outdoor,Public,Etobicoke,,,,Yes,311,Public,https://www.toronto.ca/explore-enjoy/parks-recreation/places-spaces/parks-and-recreation-facilities/location/?id=948,,,Summer,,,,,,,,,
Eglinton Flats,"3601 Eglinton Ave W, York, ON M6M 1V7",43.68485006,-79.49456173,Hardcourt-Acrylic,,City of Toronto,12,Lights,1,Outdoor,Public,Toronto,,,,No,311,Public,https://www.toronto.ca/explore-enjoy/parks-recreation/places-spaces/parks-and-recreation-facilities/location/?id=9,,,Summer,,,,,,,,,
Eglinton Park,"200 Eglinton Ave W, Toronto, ON M4R 1C3",43.70662131,-79.40440613,Hardcourt-Asphalt,,City of Toronto,2,Lights,1,Outdoor,Public,Toronto,,,,No,311,Public,https://www.toronto.ca/explore-enjoy/parks-recreation/places-spaces/parks-and-recreation-facilities/location/?id=117,,,Summer,,,,,,,,,
Elie Wiesel Park,"30 Palm Dr, North York, ON M3H 2B5",43.74601595,-79.43695587,Hardcourt-Asphalt,,City of Toronto,3,Lights,3,Outdoor,Public,North York,,,,Yes,311,Public,https://www.toronto.ca/explore-enjoy/parks-recreation/places-spaces/parks-and-recreation-facilities/location/?id=490,,,Summer,,,,,,,,,
Elizabeth Simcoe Park,"180 Sylvan Ave, Scarborough, ON M1M 1K7",43.73951979,-79.20503177,Hardcourt-Acrylic,,City of Toronto,4,Lights,No,Outdoor,Private with some public hours,Scarborough,Guildwood Tennis Club,http://www.guildwoodtennis.com,Open,No,647-228-5821,Club,https://www.toronto.ca/explore-enjoy/parks-recreation/places-spaces/parks-and-recreation-facilities/location/?id=594,,,Summer,,,,,,3 p.m. - 6 p.m.,3 p.m. - 6 p.m.,3 p.m. - 6 p.m.,
Fairmount Park,"1725 Gerrard St E, Toronto, ON M4L 2A9",43.67538151,-79.31505942,Hardcourt-Asphalt,,City of Toronto,4,No Lights,2,Outdoor,Public,Toronto,,,,Yes,311,Public,https://www.toronto.ca/explore-enjoy/parks-recreation/places-spaces/parks-and-recreation-facilities/location/?id=127,,,Summer,,,,,,,,,
Fenside Park,"30 Slidell Crescent, North York, ON M3A 2C4",43.76434575,-79.3269592,Hardcourt-Asphalt,,City of Toronto,4,Lights,4,Outdoor,Public reservable,North York,,,,Yes,311,Public,https://www.toronto.ca/explore-enjoy/parks-recreation/places-spaces/parks-and-recreation-facilities/location/?id=312,,,Summer,,,,,,,,,
Firgrove Park,"254 Firgrove Crescent, North York, ON M3N 1K8",43.75069863,-79.5209485,Hardcourt-Asphalt,,City of Toronto,3,No Lights,2,Outdoor,Public,North York,,,,Yes,311,Public,https://www.toronto.ca/explore-enjoy/parks-recreation/places-spaces/parks-and-recreation-facilities/location/?id=572,,,Summer,,,,,,,,,
Flagstaff Park,"42 Mercury Rd, Etobicoke, ON M9W 3H5",43.72119964,-79.59066917,Hardcourt-Asphalt,,City of Toronto,2,Lights,2,Outdoor,Public,Etobicoke,,,,No,311,Public,https://www.toronto.ca/explore-enjoy/parks-recreation/places-spaces/parks-and-recreation-facilities/location/?id=963,,,Summer,,,,,,,,,
Fountainhead Park,"445 Sentinel Rd, North York, ON M3J 2T6",43.76185696,-79.49916231,Hardcourt-Acrylic,,City of Toronto,3,Lights,No,Outdoor,Private with some public hours,North York,Fountainhead Community Tennis Club,http://www.nyta.org/fountainhead_new.html,Open,No,416-496-0225,Club,https://www.toronto.ca/explore-enjoy/parks-recreation/places-spaces/parks-and-recreation-facilities/location/?id=593,,,Summer,,,,,,12 p.m. - 3 p.m.,12 p.m. - 3 p.m.,,
Gihon Spring Park,"75 Gihon Spring Dr, Etobicoke, ON M9V 4X9",43.75490542,-79.59467107,Hardcourt-Asphalt,,City of Toronto,2,Lights,1,Outdoor,Public,Etobicoke,,,,Yes,311,Public,https://www.toronto.ca/explore-enjoy/parks-recreation/places-spaces/parks-and-recreation-facilities/location/?id=843,,,Summer,,,,,,,,,
Glen Park,"44A Eastglen Crescent, Etobicoke, ON M9B 4P7",43.65093273,-79.55278763,Hardcourt-Asphalt,,City of Toronto,2,No Lights,2,Outdoor,Public,Etobicoke,,,,No,311,Public,https://www.toronto.ca/explore-enjoy/parks-recreation/places-spaces/parks-and-recreation-facilities/location/?id=915,,,Summer,,,,,,,,,
Glendora Park,"201 Glendora Ave, North York, ON M2N 2W5",43.76098947,-79.39778363,Hardcourt-Acrylic,,City of Toronto,2,Lights,No,Outdoor,Public,North York,,,,Yes,311,Public,https://www.toronto.ca/explore-enjoy/parks-recreation/places-spaces/parks-and-recreation-facilities/location/?id=640,,,Summer,,,,,,,,,
Goulding Park,"80 Patricia Ave, Toronto, ON M2M 1J2",43.79158776,-79.42205099,Hardcourt-Asphalt,,City of Toronto,3,No Lights,No,Outdoor,Public,Toronto,,,,Yes,311,Public,https://www.toronto.ca/explore-enjoy/parks-recreation/places-spaces/parks-and-recreation-facilities/location/?id=644,,,Summer,,,,,,,,,
Gracedale Park,"176 Gracedale Blvd, North York, ON M9L 1A6",43.75182873,-79.56304317,Hardcourt-Asphalt,,City of Toronto,3,No Lights,1,Outdoor,Public,North York,,,,Yes,311,Public,https://www.toronto.ca/explore-enjoy/parks-recreation/places-spaces/parks-and-recreation-facilities/location/?id=645,,,Summer,,,,,,,,,
Grandravine Park,"23 Grandravine Dr, North York, ON M3J 1B1",43.75257715,-79.49161452,Hardcourt-Acrylic,,City of Toronto,3,No Lights,3,Outdoor,Public,North York,,,,No,311,Public,https://www.toronto.ca/explore-enjoy/parks-recreation/places-spaces/parks-and-recreation-facilities/location/?id=648,,,Summer,,,,,,,,,
Graydon Hall Park,"215 Graydon Hall Dr, North York, ON M3A 3A6",43.76358015,-79.34267843,Hardcourt-Acrylic,,City of Toronto,3,Lights,No,Outdoor,Public,North York,,,,No,311,Public,https://www.toronto.ca/explore-enjoy/parks-recreation/places-spaces/parks-and-recreation-facilities/location/?id=649,,,Summer,,,,,,,,,
Gwendolen Park,"3 Gwendolen Crescent, North York, ON M2N 2L7",43.75108714,-79.42035884,Hardcourt-Acrylic,,City of Toronto,4,Lights,No,Outdoor,Private with some public hours,North York,Gwendolen Tennis Club,http://www.gwendolentennis.com,Open,No,416-730-0429,Club,https://www.toronto.ca/explore-enjoy/parks-recreation/places-spaces/parks-and-recreation-facilities/location/?id=651,,,Summer,,,,,5 p.m. - 7 p.m.; 8 p.m. - 10 p.m.,,9 p.m. - 11 p.m.,9 p.m. - 11 p.m.,
Havenbrook Park,"15 Havenbrook Blvd, North York, ON M2J 1A3",43.76769757,-79.35758567,Hardcourt-Acrylic,,City of Toronto,4,Lights,No,Outdoor,Private with some public hours,North York,Henry Farm Tennis Club,http://www.henryfarmtennisclub.ca,Open,No,416-493-7675,Club,https://www.toronto.ca/explore-enjoy/parks-recreation/places-spaces/parks-and-recreation-facilities/location/?id=654,,,Summer,,,,,,1 p.m. - 4 p.m.,1 p.m. - 4 p.m.,,
Hawksbury Park,"1A Hawksbury Dr, North York, ON M2K 1M2",43.77082019,-79.38306148,Hardcourt-Acrylic,,City of Toronto,6,Lights,No,Outdoor,Private with some public hours,North York,Bayview Village Tennis Club,http://www.bayviewvillagetennis.com,,No,647-974-5499,Club,https://www.toronto.ca/explore-enjoy/parks-recreation/places-spaces/parks-and-recreation-facilities/location/?id=2365,,,Summer,,,,,,4 p.m. - 7 p.m.,4 p.m. - 7 p.m.,,
Hendon Park,"50 Hendon Ave, Toronto, ON M2M 1A2",43.78105452,-79.42040472,Hardcourt-Asphalt,,City of Toronto,4,Lights,No,Outdoor,Public,Toronto,,,,No,311,Public,https://www.toronto.ca/explore-enjoy/parks-recreation/places-spaces/parks-and-recreation-facilities/location/?id=659,,,Summer,,,,,,,,,
Heron Park,"292 Manse Rd, Scarborough, ON M1E 5A6",43.76905609,-79.17839915,Hardcourt-Acrylic,,City of Toronto,5,Lights,No,Outdoor,Private with some public hours,Scarborough,Heron Park Tennis Club,http://www.heronparktennis.com,Open,No,416-282-4842,Club,https://www.toronto.ca/explore-enjoy/parks-recreation/places-spaces/parks-and-recreation-facilities/location/?id=2025,,,Summer,,,,,,8 p.m. - 11 p.m.,8 p.m. - 11 p.m.,8 p.m. - 11 p.m.,
High Park,"11 Colborne Lodge Dr, Toronto, ON M6S 0A4",43.65066075,-79.46405082,Hardcourt-Acrylic,,City of Toronto,3,No Lights,2,Outdoor,Public,Toronto,,,,Yes,311,Public,https://www.toronto.ca/explore-enjoy/parks-recreation/places-spaces/parks-and-recreation-facilities/location/?id=77,,,Summer,,,,,,,,,
Howard Park,"430 Parkside Dr, Toronto, ON M6R 2Z6",43.65050809,-79.45920549,Hardcourt-Acrylic,,City of Toronto,7,Lights,No,Outdoor,Private with some public hours,Toronto,Howard Park Tennis Club,http://www.howardparktennis.com,Waitlist,Yes,416-769-5600,Club,https://www.toronto.ca/explore-enjoy/parks-recreation/places-spaces/parks-and-recreation-facilities/location/?id=77,,,Summer,,,,,9 p.m. - 11 p.m.,9 p.m. - 11 p.m.,9 p.m. - 11 p.m.,9 p.m. - 11 p.m.,
Hillcrest Park,"950 Davenport Rd, Toronto, ON M6G 2B7",43.67602204,-79.42436587,Hardcourt-Acrylic,,City of Toronto,4,Lights,No,Outdoor,Private with some public hours,Toronto,Wychwood Tennis Club,https://wychwoodtennisclub.wildapricot.org/,Waitlist,Yes,416 654 6756,Club,https://www.toronto.ca/explore-enjoy/parks-recreation/places-spaces/parks-and-recreation-facilities/location/?id=79,,,Summer,,,,,,7 p.m. - 11 p.m.,6 p.m. - 11 p.m.,6 p.m. - 11 p.m.,
Howard Talbot Park,"635 Eglinton Ave E, East York, ON M4G 2K3",43.71054388,-79.37214308,Hardcourt-Asphalt,,City of Toronto,2,No Lights,2,Outdoor,Public,Toronto,,,,No,311,Public,https://www.toronto.ca/explore-enjoy/parks-recreation/places-spaces/parks-and-recreation-facilities/location/?id=424,,,Summer,,,,,,,,,
Hullmar Park,"97 Hullmar Dr, North York, ON M3N 1R1",43.76475316,-79.52546026,Hardcourt-Asphalt,,City of Toronto,3,Lights,2,Outdoor,Public,North York,,,,Yes,311,Public,https://www.toronto.ca/explore-enjoy/parks-recreation/places-spaces/parks-and-recreation-facilities/location/?id=663,,,Summer,,,,,,,,,
Humber Valley Park,"54 Anglesey Blvd, Toronto, ON",43.66477492,-79.52568742,Hardcourt-Asphalt,,City of Toronto,4,Lights,2,Outdoor,Public,Toronto,,,,No,311,Public,https://www.toronto.ca/explore-enjoy/parks-recreation/places-spaces/parks-and-recreation-facilities/location/?id=1012,,,Summer,,,,,,,,,
Indian Line Park,"655 Humberwood Blvd, Toronto, ON M9W 7E1",43.72506782,-79.62252949,Hardcourt-Asphalt,,City of Toronto,2,Lights,1,Outdoor,Public,Toronto,,,,No,311,Public,https://www.toronto.ca/explore-enjoy/parks-recreation/places-spaces/parks-and-recreation-facilities/location/?id=936,,,Summer,,,,,,,,,
Iroquois Park,"295 Chartland Blvd S, Scarborough, ON M1S 3P4",43.8035487,-79.26838586,Hardcourt-Acrylic,,City of Toronto,3,Lights,No,Outdoor,Private with some public hours,Scarborough,Iroquois Tennis Club,http://www.iroquoistennisclub.ca,Open,No,311,Club,https://www.toronto.ca/explore-enjoy/parks-recreation/places-spaces/parks-and-recreation-facilities/location/?id=686,,,Summer,4 p.m. - 6 p.m.,,,,,5 p.m. - 7 p.m.,5 p.m. - 7 p.m.,4 p.m. - 6 p.m.,
Irving W. Chapley Park,"205 Wilmington Ave, Toronto, ON M3H 6B3",43.76249877,-79.45618128,Hardcourt-Asphalt,,City of Toronto,2,Lights,2,Outdoor,Public,Toronto,,,,Yes,311,Public,https://www.toronto.ca/explore-enjoy/parks-recreation/places-spaces/parks-and-recreation-facilities/location/?id=665,,,Summer,,,,,,,,,
Jeff Healey Park,"1 Delroy Dr, Etobicoke, ON M8Y 1M7",43.63039507,-79.4959791,Hardcourt-Asphalt,,City of Toronto,2,Lights,1,Outdoor,Public,Etobicoke,,,,Yes,311,Public,https://www.toronto.ca/explore-enjoy/parks-recreation/places-spaces/parks-and-recreation-facilities/location/?id=875,,,Summer,,,,,,,,,
Jimmie Simpson Park,"870 Queen St E, Toronto, ON M4M 3G9",43.66094455,-79.34433538,Hardcourt-Asphalt,,City of Toronto,2,Lights,2,Outdoor,Public,Toronto,,,,Yes,311,Public,https://www.toronto.ca/explore-enjoy/parks-recreation/places-spaces/parks-and-recreation-facilities/location/?id=155,,,Summer,,,,,,,,,
Jonathan Ashbridge Park,"1515 Queen St E, Toronto, ON M4L 1E3",43.66483459,-79.32028671,Hardcourt-Asphalt,,City of Toronto,2,No Lights,2,Outdoor,Public reservable,Toronto,,,,Yes,311,Public,https://www.toronto.ca/explore-enjoy/parks-recreation/places-spaces/parks-and-recreation-facilities/location/?id=67,,,Summer,,,,,,,,,
June Rowlands Park,"220 Davisville Ave, Toronto, ON M6G 2P7",43.70116383,-79.38840167,Hardcourt-Acrylic,,City of Toronto,6,Lights,No,Outdoor,Private with some public hours,Toronto,Davisville Tennis Club,http://www.davisvilletennisclub.com,Waitlist,No,416-481-6569,Club,https://www.toronto.ca/explore-enjoy/parks-recreation/places-spaces/parks-and-recreation-facilities/location/?id=78,,,Summer,,,,,,9 p.m. - 11 p.m.,6 p.m. - 11 p.m.,,
Kingsview Park,"46 Kingsview Blvd, Etobicoke, ON M9R 1T8",43.69896045,-79.55502507,Hardcourt-Asphalt,,City of Toronto,2,No Lights,2,Outdoor,Public,Etobicoke,,,,No,311,Public,https://www.toronto.ca/explore-enjoy/parks-recreation/places-spaces/parks-and-recreation-facilities/location/?id=959,,,Summer,,,,,,,,,
Kirkwood Park,"25 Kirkwood Rd, North York, ON M2L 2G2",43.75599991,-79.36167826,Hardcourt-Asphalt,,City of Toronto,4,Lights,4,Outdoor,Public,North York,,,,Yes,311,Public,https://www.toronto.ca/explore-enjoy/parks-recreation/places-spaces/parks-and-recreation-facilities/location/?id=672,,,Summer,,,,,,,,,
Laburnham Park,"60 Laburnham Ave, Toronto, ON M8W 1S7",43.60087369,-79.52671029,Hardcourt-Asphalt,,City of Toronto,2,Lights,2,Outdoor,Public,Toronto,,,,Yes,311,Public,https://www.toronto.ca/explore-enjoy/parks-recreation/places-spaces/parks-and-recreation-facilities/location/?id=1029,,,Summer,,,,,,,,,
Lakeshore Boulevard Parklands,"1389 Lake Shore Blvd W, Toronto, ON M6K 3C1",43.63352316,-79.43819594,Hardcourt-Asphalt,,City of Toronto,4,No Lights,4,Outdoor,Public,Toronto,,,,Yes,311,Public,https://www.toronto.ca/explore-enjoy/parks-recreation/places-spaces/parks-and-recreation-facilities/location/?id=112,,,Summer,,,,,,,,,
Lambton - Kingsway Park,"37 Marquis Ave, Etobicoke, ON M8X 1V1",43.65814703,-79.50722652,Hardcourt-Asphalt,,City of Toronto,2,No Lights,1,Outdoor,Public,Etobicoke,,,,No,311,Public,https://www.toronto.ca/explore-enjoy/parks-recreation/places-spaces/parks-and-recreation-facilities/location/?id=847,,,Summer,,,,,,,,,
Lanyard Park,"138 Lanyard Rd, Toronto, ON",43.74734025,-79.54876264,Hardcourt-Asphalt,,City of Toronto,3,No Lights,2,Outdoor,Public,Toronto,,,,Yes,311,Public,https://www.toronto.ca/explore-enjoy/parks-recreation/places-spaces/parks-and-recreation-facilities/location/?id=674,,,Summer,,,,,,,,,
Lawrence Park Ravine,"51 Alexander Muir Rd, Toronto, ON M4N 0A3",43.72081538,-79.39900378,Green-Clay,,City of Toronto,3,Lights,No,Outdoor,Private,Toronto,Lawrence Park Tennis Club,http://www.lawrenceparktennisclub.ca,Waitlist,No,311,Club,https://www.toronto.ca/explore-enjoy/parks-recreation/places-spaces/parks-and-recreation-facilities/location/?id=119,,,Summer,,,,,,,,,
Leaside Park,"5 Leaside Park Dr, Toronto, ON M4H 1R1",43.7030311,-79.34924279,Hardcourt-Acrylic,,City of Toronto,6,Lights,No,Outdoor,Private with some public hours,Toronto,Thorncliffe Park Tennis Club,http://www.tptc.ca,Open,No,416-429-7108,Club,https://www.toronto.ca/explore-enjoy/parks-recreation/places-spaces/parks-and-recreation-facilities/location/?id=425,,,Summer,,,,,,8 p.m. - 11 p.m.,8 p.m. - 11 p.m.,,
Lillian Park,"227 Otonabee Ave, North York, ON M2M 2S9",43.79767057,-79.40786649,Hardcourt-Acrylic,,City of Toronto,3,Lights,No,Outdoor,Private with some public hours,North York,Newtonbrook Tennis Club,http://www.newtonbrooktennis.com,Open,No,416-512-7432,Club,https://www.toronto.ca/explore-enjoy/parks-recreation/places-spaces/parks-and-recreation-facilities/location/?id=681,,,Summer,,,,,,12 p.m. - 3 p.m.,12 p.m. - 3 p.m.,,
Lora Hill Park,"36 Fernalroy Blvd, Etobicoke, ON M8Z 3W1",43.63831772,-79.51462672,Hardcourt-Asphalt,,City of Toronto,2,Lights,1,Outdoor,Public,Etobicoke,,,,Yes,311,Club,https://www.toronto.ca/explore-enjoy/parks-recreation/places-spaces/parks-and-recreation-facilities/location/?id=922,,,Summer,,,,,,,,,
Lytton Park,"200 Lytton Blvd, Toronto, ON M4R 1L4",43.71529688,-79.41082603,Hardcourt-Asphalt,,City of Toronto,3,Lights,No,Outdoor,Private with some public hours,Toronto,North Toronto Tennis Club,http://northtorontotennis.com/,,No,416-312-5300,Club,https://www.toronto.ca/explore-enjoy/parks-recreation/places-spaces/parks-and-recreation-facilities/location/?id=138,,,Summer,,,,,,,4:30 p.m. - 10:30 p.m.,8 a.m. - 10 a.m.,2026
Major Abbas Ali Park,"180 McLevin Ave, Toronto, ON M1B 4Z7",43.80358088,-79.23201895,Hardcourt-Acrylic,,City of Toronto,3,Lights,No,Outdoor,Private with some public hours,Toronto,Major Abbas Ali Park Tennis Club,,,No,311,Club,https://www.toronto.ca/explore-enjoy/parks-recreation/places-spaces/parks-and-recreation-facilities/location/?id=708,,,Summer,,4 p.m. - 6 p.m.,4 p.m. - 6 p.m.,4 p.m. - 6 p.m.,,4 p.m. - 6 p.m.,4 p.m. - 6 p.m.,4 p.m. - 6 p.m.,
Malvern Park,"36 Sewells Rd, Scarborough, ON M1B 3G5",43.80897745,-79.21776885,Hardcourt-Asphalt,,City of Toronto,3,Lights,1,Outdoor,Public,Scarborough,,,,Yes,311,Public,https://www.toronto.ca/explore-enjoy/parks-recreation/places-spaces/parks-and-recreation-facilities/location/?id=2593,,,Summer,,,,,,,,,
Manchester Park,"75 Manchester St, Toronto, ON",43.62091649,-79.49013933,Hardcourt-Asphalt,,City of Toronto,3,Lights,3,Outdoor,Public reservable,Toronto,,,,Yes,311,Public,https://www.toronto.ca/explore-enjoy/parks-recreation/places-spaces/parks-and-recreation-facilities/location/?id=920,,,Summer,,,,,,,,,
Maple Leaf Park,"320 Culford Rd, North York, ON M6L 2V7",43.71609299,-79.49371149,Hardcourt-Acrylic,,City of Toronto,3,Lights,3,Outdoor,Public reservable,North York,,,,Yes,311,Public,https://www.toronto.ca/explore-enjoy/parks-recreation/places-spaces/parks-and-recreation-facilities/location/?id=688,,,Summer,,,,,,,,,
Martingrove Gardens Park,"31 Lavington Dr, Toronto, ON M9R 2H3",43.68943495,-79.56359642,Hardcourt-Asphalt,,City of Toronto,2,Lights,2,Outdoor,Public,Toronto,,,,No,311,Public,https://www.toronto.ca/explore-enjoy/parks-recreation/places-spaces/parks-and-recreation-facilities/location/?id=849,,,Summer,,,,,,,,,
Maryland Park,"19 Maryland Blvd, Toronto, ON M4C 5C9",43.6918733,-79.29531363,Hardcourt-Acrylic,,City of Toronto,4,Lights,No,Outdoor,Private with some public hours,Toronto,Dentonia Park Tennis Club,https://www.dentoniatennis.com,Open,Yes,416-699-2412,Club,https://www.toronto.ca/explore-enjoy/parks-recreation/places-spaces/parks-and-recreation-facilities/location/?id=2016,,,Summer,,,,,,,4:30 p.m. - 11 p.m.,8:30 p.m. - 11 p.m.,
Maryvale Park,"5 Trestleside Grove, Scarborough, ON M1R 5A9",43.75388589,-79.30599581,Hardcourt-Acrylic,,City of Toronto,3,Lights,No,Outdoor,Private with some public hours,Scarborough,Maryvale Tennis Club,https://clubspark.ca/MARYVALETENNISCLUB,Open,Yes,416-878-5005,Club,https://www.toronto.ca/explore-enjoy/parks-recreation/places-spaces/parks-and-recreation-facilities/location/?id=704,,,Summer,,,,,,12 p.m. - 3 p.m.,12 p.m. - 3 p.m.,12 p.m. - 3 p.m.,
McDairmid Woods Park,"51 Rubic Crescent, Scarborough, ON M1S 4Y2",43.78062159,-79.26619701,Hardcourt-Asphalt,,City of Toronto,3,Lights,3,Outdoor,Public,Scarborough,,,,Yes,311,Public,https://www.toronto.ca/explore-enjoy/parks-recreation/places-spaces/parks-and-recreation-facilities/location/?id=791,,,Summer,,,,,,,,,
McGregor Park,"2231 Lawrence Ave E, Scarborough, ON M1P 2P5",43.74699179,-79.28097073,Hardcourt-Asphalt,,City of Toronto,3,No Lights,3,Outdoor,Public,Scarborough,,,,Yes,311,Public,https://www.toronto.ca/explore-enjoy/parks-recreation/places-spaces/parks-and-recreation-facilities/location/?id=2036,,,Summer,,,,,,,,,
Mcnicoll Park,"215 McNicoll Ave, North York, ON M2H 2C4",43.79812283,-79.35384113,Hardcourt-Asphalt,,City of Toronto,3,Lights,No,Outdoor,Public,North York,,,,,311,Public,https://www.toronto.ca/explore-enjoy/parks-recreation/places-spaces/parks-and-recreation-facilities/location/?id=689,,,Summer,,,,,,,,,
Michael Mostyn Balmoral Park,"170 Faywood Blvd, North York, ON M3H 6A2",43.74501596,-79.45011959,Hardcourt-Asphalt,,City of Toronto,3,Lights,3,Outdoor,Public reservable,North York,,,,,311,Public,https://www.toronto.ca/explore-enjoy/parks-recreation/places-spaces/parks-and-recreation-facilities/location/?id=505,,,Summer,,,,,,,,,
Mill Valley Park,"412 Mill Rd, Toronto, ON M9C",43.64341843,-79.58768669,Hardcourt-Asphalt,,City of Toronto,2,No Lights,2,Outdoor,Public,Toronto,,,,,311,Public,https://www.toronto.ca/explore-enjoy/parks-recreation/places-spaces/parks-and-recreation-facilities/location/?id=2486,,,Summer,,,,,,,,,
Millwood Park,"4370 Bloor St W, Toronto, ON",43.63202269,-79.57905299,Hardcourt-Asphalt,,City of Toronto,3,Lights,1,Outdoor,Public,Toronto,,,,,311,Public,https://www.toronto.ca/explore-enjoy/parks-recreation/places-spaces/parks-and-recreation-facilities/location/?id=853,,,Summer,,,,,,,,,
Mimico Memorial Park,"75 Hillside Ave, Etobicoke, ON M8V 1S9",43.6091104,-79.49363005,Green-Clay,,City of Toronto,3,Lights,No,Outdoor,Private,Etobicoke,Mimico Tennis Club,http://www.mimicotennisclub.org,Open,,311,Club,https://www.toronto.ca/explore-enjoy/parks-recreation/places-spaces/parks-and-recreation-facilities/location/?id=854,,,Summer,,,,,,,,,
Moore Park - North York,"110 Cactus Ave, North York, ON M2R 2V4",43.79171319,-79.43453018,Hardcourt-Asphalt,,City of Toronto,3,No Lights,No,Outdoor,Public,North York,,,,,311,Public,https://www.toronto.ca/explore-enjoy/parks-recreation/places-spaces/parks-and-recreation-facilities/location/?id=695,,,Summer,,,,,,,,,
Moorevale Park,"175 Moore Ave, Toronto, ON M4T 1V8",43.6933302,-79.38272207,Hardcourt-Acrylic,,City of Toronto,5,Lights,No,Outdoor,Private with some public hours,Toronto,Moore Park Tennis Club,http://www.mooretennis.com,Waitlist,,647-556-7877,Club,https://www.toronto.ca/explore-enjoy/parks-recreation/places-spaces/parks-and-recreation-facilities/location/?id=168,,,Summer,,,,,,8 p.m. - 11 p.m.,8 p.m. - 11 p.m.,9 p.m. - 11 p.m.,
Moss Park,"150 Sherbourne St, Toronto, ON M5A 2R6",43.65513316,-79.37225258,Hardcourt-Asphalt,,City of Toronto,2,Lights,No,Outdoor,Public,Toronto,,,,,311,Public,https://www.toronto.ca/explore-enjoy/parks-recreation/places-spaces/parks-and-recreation-facilities/location/?id=177,,,Summer,,,,,,,,,
North Bendale Park,"40 Erinlea Crescent, Scarborough, ON M1H 2R7",43.77002162,-79.24608104,Hardcourt-Acrylic,,City of Toronto,3,Lights,No,Outdoor,Private with some public hours,Scarborough,North Bendale Tennis Club,http://www.northbendaletennisclub.org,Open,,416-451-7526,Club,https://www.toronto.ca/explore-enjoy/parks-recreation/places-spaces/parks-and-recreation-facilities/location/?id=726,,,Summer,,,,,,9:30 a.m. - 12:30 p.m.,9:30 a.m. - 12:30 p.m.,9 p.m. - 11 p.m.,
North Park,"587 Rustic Rd, North York, ON M6L 2L1",43.71828138,-79.47179118,Hardcourt-Asphalt,,City of Toronto,2,No Lights,No,Outdoor,Public,North York,,,,,311,Public,https://www.toronto.ca/explore-enjoy/parks-recreation/places-spaces/parks-and-recreation-facilities/location/?id=700,,,Summer,,,,,,,,,
Norwood Park,"16 Norwood Rd, Toronto, ON M4E 2R8",43.68264634,-79.30312834,Hardcourt-Asphalt,,City of Toronto,5,Lights,No,Outdoor,Public,Toronto,,,,Yes,311,Public,https://www.toronto.ca/explore-enjoy/parks-recreation/places-spaces/parks-and-recreation-facilities/location/?id=228,,,Summer,,,,,,,,,
Old Mill Site Park,"5 Catherine St, Toronto, ON M6S 1W6",43.65090582,-79.49043994,Hardcourt-Acrylic,,City of Toronto,4,Lights,No,Outdoor,Private with some public hours,Toronto,York Old Mill Tennis Club,http://www.oldmilltennis.com,Open,,416-763-3088,Club,https://www.toronto.ca/explore-enjoy/parks-recreation/places-spaces/parks-and-recreation-facilities/location/?id=1884,,,Summer,,,,,,5 p.m. - 11 p.m.,,2 p.m. - 4 p.m.,
Oriole Park - North York,"2955 Don Mills Rd., North York, ON M2J 3B6",43.78181558,-79.35084976,Hardcourt-Acrylic,,City of Toronto,4,Lights,No,Outdoor,Public,North York,,,,,311,Public,https://www.toronto.ca/explore-enjoy/parks-recreation/places-spaces/parks-and-recreation-facilities/location/?id=937,,,Summer,,,,,,,,,
Oriole Park - Toronto,"201 Oriole Pkwy, Toronto, ON M5P 2H1",43.69705098,-79.39955307,Hardcourt-Asphalt,,City of Toronto,2,No Lights,No,Outdoor,Public,Toronto,,,,Yes,311,Public,https://www.toronto.ca/explore-enjoy/parks-recreation/places-spaces/parks-and-recreation-facilities/location/?id=245,,,Summer,,,,,,,,,
Ourland Park,"18 Ourland Ave, Etobicoke, ON M8Z 4C9",43.61631232,-79.50964461,Hardcourt-Asphalt,,City of Toronto,2,Lights,1,Outdoor,Public,Etobicoke,,,,Yes,311,Public,https://www.toronto.ca/explore-enjoy/parks-recreation/places-spaces/parks-and-recreation-facilities/location/?id=857,,,Summer,,,,,,,,,
Park Lawn Park,"330 Park Lawn Rd, Etobicoke, ON M8Y 3K3",43.63938086,-79.49546356,Hardcourt-Asphalt,,City of Toronto,4,Lights,3,Outdoor,Public,Etobicoke,,,,,311,Public,https://www.toronto.ca/explore-enjoy/parks-recreation/places-spaces/parks-and-recreation-facilities/location/?id=858,,,Summer,,,,,,,,,
Pelmo Park,"171 Pellatt Ave, North York, ON M9N 2M1",43.71401945,-79.51926869,Hardcourt-Asphalt,,City of Toronto,3,Lights,3,Outdoor,Public reservable,North York,,,,Yes,311,Public,https://www.toronto.ca/explore-enjoy/parks-recreation/places-spaces/parks-and-recreation-facilities/location/?id=723,,,Summer,,,,,,,,,
Pine Point Park,"4 Conan Rd, Etobicoke, ON M9W 3S7",43.71134098,-79.5494458,Hardcourt-Asphalt,,City of Toronto,2,Lights,2,Outdoor,Public,Etobicoke,,,,Yes,311,Public,https://www.toronto.ca/explore-enjoy/parks-recreation/places-spaces/parks-and-recreation-facilities/location/?id=859,,,Summer,,,,,,,,,
Pine Point Tennis Club,"15 Grierson Rd, Etobicoke, ON M9W 3R2",43.71268503,-79.543447,Green-Clay,,City of Toronto,4,Lights,No,Outdoor,Private,Etobicoke,Pine Point Tennis Club,http://www.pinepointtennis.com,Open,Yes,416-657-2529,Club,https://www.toronto.ca/explore-enjoy/parks-recreation/places-spaces/parks-and-recreation-facilities/location/?id=859,,,Summer,,,,,,,,,
Prairie Drive Park,"101 Pharmacy Ave, Toronto, ON M1L 3E6",43.69684514,-79.28470552,Hardcourt-Asphalt,,City of Toronto,3,Lights,1,Outdoor,Public,Toronto,,,,,311,Public,https://www.toronto.ca/explore-enjoy/parks-recreation/places-spaces/parks-and-recreation-facilities/location/?id=733,,,Summer,,,,,,,,,
Prince of Wales Park,"1 Third St, Etobicoke, ON M8V 2X5",43.59882571,-79.49911968,Hardcourt-Asphalt,,City of Toronto,4,Lights,No,Outdoor,Public,Etobicoke,,,,,311,Public,https://www.toronto.ca/explore-enjoy/parks-recreation/places-spaces/parks-and-recreation-facilities/location/?id=924,,,Summer,,,,,,,,,
Princess Anne Park,"25A Princess Margaret Blvd, Toronto, ON M9A 1Z5",43.67275007,-79.5401766,Hardcourt-Asphalt,,City of Toronto,2,No Lights,2,Outdoor,Public,Toronto,,,,,311,Public,https://www.toronto.ca/explore-enjoy/parks-recreation/places-spaces/parks-and-recreation-facilities/location/?id=951,,,Summer,,,,,,,,,
Queensway Park,"8 Avon Park Dr, Etobicoke, ON M8Z 3X4",43.6265768,-79.50615462,Hardcourt-Asphalt,,City of Toronto,2,No Lights,1,Outdoor,Public,Etobicoke,,,,,311,Public,https://www.toronto.ca/explore-enjoy/parks-recreation/places-spaces/parks-and-recreation-facilities/location/?id=861,,,Summer,,,,,,,,,
Ramsden Park,"1020 Yonge St & Ramsden Park Rd, Toronto, ON M4W 1P7",43.67638967,-79.39535974,Hardcourt-Asphalt,,City of Toronto,12,No Lights,8,Outdoor,Public,Toronto,,,,Yes,311,Public,https://www.toronto.ca/explore-enjoy/parks-recreation/places-spaces/parks-and-recreation-facilities/location/?id=167,,,Summer,,,,,,,,,
Rennie Park,"1 Rennie Terrace, Toronto, ON M6S 3C6",43.64469433,-79.47338531,Hardcourt-Acrylic,,City of Toronto,4,Lights,No,Outdoor,Private with some public hours,Toronto,The Swansea Tennis Club,http://www.swanseatennis.com,Open,,311,Club,https://www.toronto.ca/explore-enjoy/parks-recreation/places-spaces/parks-and-recreation-facilities/location/?id=181,,,Summer,,,,,,5 p.m. - 11 p.m.,,1 p.m. - 3 p.m.,
Riverdale Park East,"550 Broadview Ave, Toronto, ON M4K 2N6",43.67201416,-79.35586103,Hardcourt-Asphalt,,City of Toronto,7,No Lights,6,Outdoor,Public,Toronto,,,,Yes,311,Public,https://www.toronto.ca/explore-enjoy/parks-recreation/places-spaces/parks-and-recreation-facilities/location/?id=343,,,Summer,,,,,,,,,
Rockford Park,"70 Rockford Rd, North York, ON M2R 3A7",43.78608206,-79.45336267,Hardcourt-Asphalt,,City of Toronto,2,No Lights,No,Outdoor,Public,North York,,,,,311,Public,https://www.toronto.ca/explore-enjoy/parks-recreation/places-spaces/parks-and-recreation-facilities/location/?id=742,,,Summer,,,,,,,,,
Rosedale Park,"20 Scholfield Ave, Toronto, ON M4W 2Y3",43.68324644,-79.37885839,Hardcourt-Acrylic,,City of Toronto,8,No Lights,No,Outdoor,Private with some public hours,Toronto,The Rosedale Tennis Club,http://www.rosedaletennis.com,Waitlist,,416-922-7906,Club,https://www.toronto.ca/explore-enjoy/parks-recreation/places-spaces/parks-and-recreation-facilities/location/?id=210,,,Summer,,,,,,5 p.m. - 9 p.m.,4 p.m. - 9 p.m.,2 p.m. - 8 p.m.,
Rosethorn Park,"26 Remington Dr, Etobicoke, ON M9A 2J5",43.65831084,-79.53864046,Hardcourt-Acrylic,,City of Toronto,3,Lights,No,Outdoor,Private with some public hours,Etobicoke,The Rosethorn Tennis Club,https://www.rosethorntennisclub.com/,Waitlist,,311,Club,https://www.toronto.ca/explore-enjoy/parks-recreation/places-spaces/parks-and-recreation-facilities/location/?id=987,,,Summer,,,,,,7 p.m. - 11 p.m.,9 p.m. - 11 p.m.,,
Rotary Peace Park,"25 Eleventh St, Toronto, ON M8V 2A6",43.595242,-79.50793111,Hardcourt-Asphalt,,City of Toronto,2,Lights,1,Outdoor,Public,Toronto,,,,Yes,311,Public,https://www.toronto.ca/explore-enjoy/parks-recreation/places-spaces/parks-and-recreation-facilities/location/?id=867,,,Summer,,,,,,,,,
Royal Crest Park,"50 Cabernet Cir, Toronto, ON M9V 5A3",43.75249415,-79.60536259,Hardcourt-Asphalt,,City of Toronto,3,Lights,No,Outdoor,Public,Toronto,,,,,311,Public,https://www.toronto.ca/explore-enjoy/parks-recreation/places-spaces/parks-and-recreation-facilities/location/?id=878,,,Summer,,,,,,,,,
Roywood Park,"2 Roywood Dr, North York, ON M3A 2C7",43.76383267,-79.32070965,Hardcourt-Asphalt,,City of Toronto,4,Lights,No,Outdoor,Public,North York,,,,Yes,311,Public,https://www.toronto.ca/explore-enjoy/parks-recreation/places-spaces/parks-and-recreation-facilities/location/?id=347,,,Summer,,,,,,,,,
Ruddington Park,"75 Ruddington Dr, Toronto, ON",43.79261109,-79.38941624,Hardcourt-Asphalt,,City of Toronto,3,Lights,No,Outdoor,Public,Toronto,,,,,311,Public,https://www.toronto.ca/explore-enjoy/parks-recreation/places-spaces/parks-and-recreation-facilities/location/?id=747,,,Summer,,,,,,,,,
Runnymede Park,"221 Ryding Ave, Toronto, ON M6N 1H6",43.66828839,-79.47790724,Hardcourt-Asphalt,,City of Toronto,2,No Lights,No,Outdoor,Public,Toronto,,,,Yes,311,Public,https://www.toronto.ca/explore-enjoy/parks-recreation/places-spaces/parks-and-recreation-facilities/location/?id=235,,,Summer,,,,,,,,,
Scarboro Crescent Park,"61 Undercliff Dr, Scarborough, ON M1N 3Z5",43.70543303,-79.24220463,Hardcourt-Acrylic,,City of Toronto,4,Lights,No,Outdoor,Private with some public hours,Scarborough,Scarborough Bluffs Tennis Club,http://www.sbtennis.org,Open,Yes,416-410-6300,Club,https://www.toronto.ca/explore-enjoy/parks-recreation/places-spaces/parks-and-recreation-facilities/location/?id=1748,,,Summer,,,,,,5 p.m. - 8 p.m.,5 p.m. - 8 p.m.,5 p.m. - 8 p.m.,
Scarlett Mills Park,"235 Edenbridge Dr, Toronto, ON M9A 3G9",43.6761548,-79.51068683,Hardcourt-Acrylic,,City of Toronto,4,Lights,No,Outdoor,Private with some public hours,Toronto,Edenbridge Tennis Club,https://edenbridgetennis.com/,Open,,416-279-9940,Club,https://www.toronto.ca/explore-enjoy/parks-recreation/places-spaces/parks-and-recreation-facilities/location/?id=1471,,,Summer,,,,,,8 p.m. - 11 p.m.,8 p.m. - 11 p.m.,8 p.m. - 11 p.m.,
Seneca Hill Park,"620 Seneca Hill Dr, Toronto, ON M2J 2W6",43.79110925,-79.35208709,Hardcourt-Acrylic,,City of Toronto,4,Lights,No,Outdoor,Private with some public hours,Toronto,Seneca Hill Tennis Club,https://senecahilltennisclub.com/,Open,,311,Club,https://www.toronto.ca/explore-enjoy/parks-recreation/places-spaces/parks-and-recreation-facilities/location/?id=748,,,Summer,,,,,,2 p.m. - 5 p.m.,2 p.m. - 5 p.m.,,
Sentinel Park,"295 Sentinel Rd, Toronto, ON M3J 0H4",43.75567595,-79.49793852,Hardcourt-Asphalt,,City of Toronto,2,No Lights,1,Outdoor,Public,Toronto,,,,Yes,311,Public,https://www.toronto.ca/explore-enjoy/parks-recreation/places-spaces/parks-and-recreation-facilities/location/?id=752,,,Summer,,,,,,,,,
Seven Oaks Park,"372 Military Trail, Toronto, ON M1E 4G1",43.78825263,-79.21042042,Hardcourt-Acrylic,,City of Toronto,3,Lights,No,Outdoor,Private with some public hours,Toronto,Seven Oaks Tennis Club,,Open,,311,Club,https://www.toronto.ca/explore-enjoy/parks-recreation/places-spaces/parks-and-recreation-facilities/location/?id=590,,,Summer,,,,,,3 p.m. - 6 p.m.,3 p.m. - 6 p.m.,3 p.m. - 5 p.m.,
Shawnee Park,"81 Shawnee Cir, Toronto, ON M2H 2X9",43.79744562,-79.33869841,Hardcourt-Acrylic,,City of Toronto,4,No Lights,1,Outdoor,Public,Toronto,,,,Yes,311,Public,https://www.toronto.ca/explore-enjoy/parks-recreation/places-spaces/parks-and-recreation-facilities/location/?id=2595,,,Summer,,,,,,,,,
Silver Creek Park,"44 Strathdee Dr, Toronto, ON M9R 1A4",43.68207832,-79.5448397,Hardcourt-Asphalt,,City of Toronto,3,Lights,No,Outdoor,Private,Toronto,Silver Creek Seniors Tennis Club,,,Yes,416-244-7286,Club,https://www.toronto.ca/explore-enjoy/parks-recreation/places-spaces/parks-and-recreation-facilities/location/?id=877,,,Summer,,,,,,,,,
Sir Adam Beck Park,"55 Eltham Dr, Etobicoke, ON M8W 4L9",43.60287045,-79.54816949,Hardcourt-Asphalt,,City of Toronto,2,Lights,1,Outdoor,Public,Etobicoke,,,,,311,Public,https://www.toronto.ca/explore-enjoy/parks-recreation/places-spaces/parks-and-recreation-facilities/location/?id=2065,,,Summer,,,,,,,,,
Sir Winston Churchill Park,"301 St Clair Ave W, Toronto, ON M5P 1N5",43.68374452,-79.40894651,Hardcourt-Acrylic,,City of Toronto,10,Lights,No,Outdoor,Private with some public hours,Toronto,Sir Winston Churchill Tennis Club,http://www.winstonchurchilltennis.ca,Waitlist,,416-924-4558,Club,https://www.toronto.ca/explore-enjoy/parks-recreation/places-spaces/parks-and-recreation-facilities/location/?id=200,,,Summer,,,,,,8 p.m. - 11 p.m.,6 p.m. - 11 p.m.,6 p.m. - 11 p.m.,
Sorauren Avenue Park,"289 Sorauren Ave, Toronto, ON M6R 2G4",43.6491179,-79.44406651,Hardcourt-Asphalt,,City of Toronto,2,No Lights,No,Outdoor,Public,Toronto,,,,Yes,311,Public,https://www.toronto.ca/explore-enjoy/parks-recreation/places-spaces/parks-and-recreation-facilities/location/?id=348,,,Summer,,,,,,,,,
Stanley Greene Park,"55 Stanley Greene Blvd, Toronto, ON M3K 0A8",43.73454019,-79.47746601,Hardcourt-Acrylic,,City of Toronto,2,Lights,1,Outdoor,Public,Toronto,,,,,311,Public,https://www.toronto.ca/explore-enjoy/parks-recreation/places-spaces/parks-and-recreation-facilities/location/?id=3693,,,Summer,,,,,,,,,
Stanley Park,"27 Stanley Rd, Toronto, ON M3N 1C2",43.74153796,-79.51564685,Hardcourt-Asphalt,,City of Toronto,3,No Lights,3,Outdoor,Public,Toronto,,,,Yes,311,Public,https://www.toronto.ca/explore-enjoy/parks-recreation/places-spaces/parks-and-recreation-facilities/location/?id=761,,,Summer,,,,,,,,,
Stanley Park South - Toronto,"700 Wellington St W, Toronto, ON M5V 1P1",43.64173194,-79.40817178,Hardcourt-Asphalt,,City of Toronto,2,No Lights,2,Outdoor,Public,Toronto,,,,,311,Public,https://www.toronto.ca/explore-enjoy/parks-recreation/places-spaces/parks-and-recreation-facilities/location/?id=2750,,,Summer,,,,,,,,,
Stephen Leacock Park,"2530 Birchmount Rd, Scarborough, ON",43.78733798,-79.30194787,Hardcourt-Acrylic,,City of Toronto,4,Lights,No,Outdoor,Private with some public hours,Scarborough,Stephen Leacock Tennis Club,http://www.stephenleacock-tennis.ca,Open,,311,Club,https://www.toronto.ca/explore-enjoy/parks-recreation/places-spaces/parks-and-recreation-facilities/location/?id=2034,,,Summer,,,,,,,1 p.m. - 7 p.m.,12 p.m. - 2 p.m.,
Strathburn Park,"55 Strathburn Blvd, Toronto, ON",43.7218022,-79.53274629,Hardcourt-Asphalt,,City of Toronto,2,Lights,5,Outdoor,Public,Toronto,,,,,311,Public,https://www.toronto.ca/explore-enjoy/parks-recreation/places-spaces/parks-and-recreation-facilities/location/?id=762,,,Summer,,,,,,,,,
Summerlea Park,"2 Arcot Blvd, Toronto, ON",43.72824729,-79.55209255,Hardcourt-Asphalt,,City of Toronto,2,Lights,No,Outdoor,Public,Toronto,,,,,311,Public,https://www.toronto.ca/explore-enjoy/parks-recreation/places-spaces/parks-and-recreation-facilities/location/?id=870,,,Summer,,,,,,,,,
Sunnydale Acres Park,"50 Amoro Dr, Etobicoke, ON M9W 4S3",43.72447532,-79.57832298,Hardcourt-Asphalt,,City of Toronto,4,Lights,No,Outdoor,Public,Etobicoke,,,,,311,Public,https://www.toronto.ca/explore-enjoy/parks-recreation/places-spaces/parks-and-recreation-facilities/location/?id=871,,,Summer,,,,,,,,,
Sunnylea Park,"195 Prince Edward Dr S, Etobicoke, ON M8Y 2B1",43.64154432,-79.5017146,Hardcourt-Asphalt,,City of Toronto,2,Lights,2,Outdoor,Public,Etobicoke,,,,Yes,311,Public,https://www.toronto.ca/explore-enjoy/parks-recreation/places-spaces/parks-and-recreation-facilities/location/?id=1021,,,Summer,,,,,,,,,
Sweeney Park,"110 Sweeney Dr, Toronto, ON M4A 2J9",43.73578591,-79.31571273,Hardcourt-Asphalt,,City of Toronto,3,Lights,3,Outdoor,Public reservable,Toronto,,,,,311,Public,https://www.toronto.ca/explore-enjoy/parks-recreation/places-spaces/parks-and-recreation-facilities/location/?id=763,,,Summer,,,,,,,,,
Symington Avenue Playground,"431 Perth Ave, Toronto, ON M6P 3Z1",43.66664291,-79.45202417,Hardcourt-Asphalt,,City of Toronto,2,No Lights,No,Outdoor,Public,Toronto,,,,Yes,311,Public,https://www.toronto.ca/explore-enjoy/parks-recreation/places-spaces/parks-and-recreation-facilities/location/?id=216,,,Summer,,,,,,,,,
Tam Heather Country Club Grounds,"50 Bonspiel Dr, Scarborough, ON M1E 5K5",43.79154943,-79.19833178,Hardcourt-Acrylic,,City of Toronto,4,Lights,No,Indoor,Private,Scarborough,,,,,311,Club,https://www.toronto.ca/explore-enjoy/parks-recreation/places-spaces/parks-and-recreation-facilities/location/?id=2154,,,Summer,,,,,,,,,
Thomson Memorial Park,"1005 Brimley Rd, Scarborough, ON M1P 4N2",43.7560346,-79.25478124,Hardcourt-Acrylic,,City of Toronto,3,Lights,No,Outdoor,Private with some public hours,Scarborough,Thomson Park Tennis Club,,Open,,311,Club,https://www.toronto.ca/explore-enjoy/parks-recreation/places-spaces/parks-and-recreation-facilities/location/?id=543,,,Summer,4 p.m. - 6 p.m.,4 p.m. - 6 p.m.,,,,,4 p.m. - 6 p.m.,4 p.m. - 6 p.m.,
Three Valleys Park,"Three Valleys Park, 82 Three Valleys Dr, North York, ON M3A 2Z1",43.75044644,-79.33893072,Hardcourt-Acrylic,,City of Toronto,2,Lights,No,Outdoor,Private,North York,Parkway Valley Tennis Club,http://www.pvtc.ca,,,416-391-3962,Club,https://www.toronto.ca/explore-enjoy/parks-recreation/places-spaces/parks-and-recreation-facilities/location/?id=764,,,Summer,,,,,,,,,
Tom Riley Park,"4725 Dundas St W, Toronto, ON M9A 1G6",43.65027207,-79.52438983,Hardcourt-Acrylic,,City of Toronto,3,Lights,2,Outdoor,Private with some public hours,Toronto,Central Tennis Club,http://www.centraltennisclub.com,Waitlist,Yes,416-236-2835,Club,https://www.toronto.ca/explore-enjoy/parks-recreation/places-spaces/parks-and-recreation-facilities/location/?id=837,,,Summer,,,,,,8 p.m. - 11 p.m.,8 p.m. - 11 p.m.,,
Topham Park,"181 Westview Blvd, Toronto, ON M4B 1Z9",43.71091959,-79.30657522,Hardcourt-Asphalt,,City of Toronto,2,Lights,No,Outdoor,Public,Toronto,,,,Yes,311,Public,https://www.toronto.ca/explore-enjoy/parks-recreation/places-spaces/parks-and-recreation-facilities/location/?id=276,,,Summer,,,,,,,,,
Tournament Park,"40 Tournament Dr, North York, ON M2P 1K2",43.75113606,-79.40026199,Hardcourt-Acrylic,,City of Toronto,4,Lights,No,Outdoor,Private with some public hours,North York,Tournament Park Tennis Club,http://www.tournamentpark.com,Waitlist,,416-733-4643,Club,https://www.toronto.ca/explore-enjoy/parks-recreation/places-spaces/parks-and-recreation-facilities/location/?id=766,,,Summer,,,,,9 p.m. - 11 p.m.,7 p.m. - 11 p.m.,,,
Trace Manes Park,"110 Rumsey Rd, Toronto, ON M4G 1P2",43.7057589,-79.36755861,Hardcourt-Acrylic,,City of Toronto,6,Lights,No,Outdoor,Private with some public hours,Toronto,Leaside Tennis Club,http://www.leasidetennis.org,Waitlist,,416-467-9350,Club,https://www.toronto.ca/explore-enjoy/parks-recreation/places-spaces/parks-and-recreation-facilities/location/?id=934,,,Summer,,,,,,7 p.m. - 11 p.m.,9 p.m. - 11 p.m.,,
Trinity Bellwoods Park,"790 Queen St W, Toronto, ON M6J 1G3",43.64645067,-79.41242519,Hardcourt-Asphalt,,City of Toronto,8,No Lights,4,Outdoor,Public,Toronto,,,,Yes,311,Public,https://www.toronto.ca/explore-enjoy/parks-recreation/places-spaces/parks-and-recreation-facilities/location/?id=241,,,Summer,,,,,,,,,
Viewmount Park,"169 Viewmount Ave, North York, ON M6B 1T5",43.70751642,-79.43712663,Hardcourt-Acrylic,,City of Toronto,4,Lights,No,Outdoor,Private with some public hours,North York,Viewmount Park Tennis Club,https://viewmount.ca,Open,,416-395-6021,Club,https://www.toronto.ca/explore-enjoy/parks-recreation/places-spaces/parks-and-recreation-facilities/location/?id=772,,,Summer,,,,,7 p.m. - 11 p.m.,9 p.m. - 11 p.m.,,9 p.m. - 11 p.m.,
Wanless Park,"250 Wanless Ave, Toronto, ON M4N 1W5",43.7291673,-79.3929874,Hardcourt-Acrylic,,City of Toronto,5,Lights,No,Outdoor,Private with some public hours,Toronto,Wanless Park Tennis Club,http://www.wanlesstennis.com,Waitlist,,416-483-4546,Club,https://www.toronto.ca/explore-enjoy/parks-recreation/places-spaces/parks-and-recreation-facilities/location/?id=265,,,Summer,,,,,,8 p.m. - 11 p.m.,8 p.m. - 11 p.m.,,
Wedgewood Park - Etobicoke,"15 Swan Ave, Etobicoke, ON M9B 1V1",43.64416683,-79.54746088,Hardcourt-Asphalt,,City of Toronto,1,Lights,1,Outdoor,Public,Etobicoke,,,,,311,Public,https://www.toronto.ca/explore-enjoy/parks-recreation/places-spaces/parks-and-recreation-facilities/location/?id=773,,,Summer,,,,,,,,,
Wedgewood Park - North York,"145 Wedgewood Dr, Toronto, ON M2M 2H6",43.7907595,-79.40641944,Hardcourt-Asphalt,,City of Toronto,2,No Lights,1,Outdoor,Public,Toronto,,,,Yes,311,Public,https://www.toronto.ca/explore-enjoy/parks-recreation/places-spaces/parks-and-recreation-facilities/location/?id=2673,,,Summer,,,,,,,,,
West Deane Park,"19 Sedgebrook Crescent, Etobicoke, ON M9B 2X2",43.66332999,-79.55905917,Hardcourt-Asphalt,,City of Toronto,4,Lights,No,Outdoor,Private with some public hours,Etobicoke,Martingrove Tennis Club  Info: Has public hours - Public Hours: 5 PM - 11 PM (Sundays Only),http://www.martingrovetennis.com,Open,,311,Club,https://www.toronto.ca/explore-enjoy/parks-recreation/places-spaces/parks-and-recreation-facilities/location/?id=873,,,Summer,,,,,,5 p.m. - 11 p.m.,,,
West Rouge Park,"270 Rouge Hills Dr, Scarborough, ON M1C 2Z1",43.79254243,-79.1258066,Hardcourt-Acrylic,,City of Toronto,3,Lights,No,Outdoor,Private with some public hours,Scarborough,West Rouge Tennis Club,https://wrtctennis.com/,Open,,311,Club,https://www.toronto.ca/explore-enjoy/parks-recreation/places-spaces/parks-and-recreation-facilities/location/?id=754,,,Summer,4 p.m. - 7 p.m.,,,,,,4 p.m. - 7 p.m.,4 p.m. - 7 p.m.,
Westgrove Park,"15 Redgrave Dr, Toronto, ON M9R 3T9",43.68283461,-79.56773219,Hardcourt-Asphalt,,City of Toronto,2,Lights,1,Outdoor,Public,Toronto,,,,,311,Public,https://www.toronto.ca/explore-enjoy/parks-recreation/places-spaces/parks-and-recreation-facilities/location/?id=876,,,Summer,,,,,,,,,
Westmount Park,"22 Arcade Dr, Etobicoke, ON",43.6875033,-79.51893814,Hardcourt-Asphalt,,City of Toronto,3,Lights,3,Outdoor,Public reservable,Etobicoke,,,,Yes,311,Public,https://www.toronto.ca/explore-enjoy/parks-recreation/places-spaces/parks-and-recreation-facilities/location/?id=2006,,,Summer,,,,,,,,,
Weston Lions Park,"2125 Lawrence Ave W, York, ON M9N 1H7",43.69777922,-79.51809243,Hardcourt-Acrylic,,City of Toronto,4,Lights,No,Outdoor,Private with some public hours,Toronto,York Weston Lions Tennis Club,http://www.ywtc.ca,Open,,416-243-7068,Club,https://www.toronto.ca/explore-enjoy/parks-recreation/places-spaces/parks-and-recreation-facilities/location/?id=508,,,Summer,,,,,4 p.m. - 8 p.m.,2 p.m. - 4 p.m.,,,
Westway Park,"175 The Westway, Etobicoke, ON M9P 1L6",43.68804817,-79.5418591,Hardcourt-Asphalt,,City of Toronto,4,Lights,No,Outdoor,Public,Etobicoke,,,,,311,Public,https://www.toronto.ca/explore-enjoy/parks-recreation/places-spaces/parks-and-recreation-facilities/location/?id=874,,,Summer,,,,,,,,,
Willowdale Park,"75 Hollywood Ave, North York, ON M2N 5S9",43.766125,-79.40850116,Green-Clay,,City of Toronto,4,Lights,No,Outdoor,Private,North York,North York Tennis Club,http://www.nytc.ca,Open,,416-590-9704,Club,https://www.toronto.ca/explore-enjoy/parks-recreation/places-spaces/parks-and-recreation-facilities/location/?id=865,,,Summer,,,,,,,,,
Wishing Well Park,"1700 Pharmacy Ave, Scarborough, ON M1R 2J2",43.77000583,-79.31731455,Hardcourt-Acrylic,,City of Toronto,3,Lights,No,Outdoor,Private with some public hours,Scarborough,Wishing Well Tennis Club,http://www.wwtc.sprinterweb.net,Open,,416-492-9696,Club,https://www.toronto.ca/explore-enjoy/parks-recreation/places-spaces/parks-and-recreation-facilities/location/?id=586,,,Summer,,,,,,1 p.m. - 4 p.m.,1 p.m. - 4 p.m.,1 p.m. - 4 p.m.,
Withrow Park and Clubhouse,"725 Logan Ave, Toronto, ON M4K, Canada",43.67601237,-79.34847911,Hardcourt-Asphalt,,City of Toronto,2,No Lights,No,Outdoor,Public,Toronto,,,,Yes,311,Public,https://www.toronto.ca/explore-enjoy/parks-recreation/places-spaces/parks-and-recreation-facilities/location/?id=306,,,Summer,,,,,,,,,
York Mills Valley Park,"3865 Yonge St, North York, ON M4N 3P9",43.7397075,-79.40524758,Hardcourt-Acrylic,,City of Toronto,5,Lights,No,Outdoor,Private with some public hours,North York,Valley Tennis Club,http://www.valleytennisclub.com,Waitlist,,416-440-0645,Club,https://www.toronto.ca/explore-enjoy/parks-recreation/places-spaces/parks-and-recreation-facilities/location/?id=1476,,,Summer,,,,,,9 p.m. - 11 p.m.,7 p.m. - 11 p.m.,,
Forest Hill Tennis Club,"730 Eglinton Ave W, Toronto, ON M5N 1B9",43.70237747,-79.42030939,Hardcourt-Acrylic,,TDSB,4,Lights,No,Outdoor,Private with some public hours,Toronto,N/A,https://foresthilltennisclub.ca/,Waitlist,,,Club,,,Courts owned by TDSB Forest Hill CI,Summer,,,,,,,6 p.m. - 10 p.m.,,
Toronto Lawn Tennis Club,"44 Price St, Toronto, ON M4W 1Z1",43.68044584,-79.38899566,Green-Clay,Hardcourt-Acrylic,Private,18,Lights,No,Both,Elite Sports Club,Toronto,N/A,https://www.torontolawn.com/,,,,Club,,,"14 outdoor clay courts, 4 indoor hard courts",Year-Round,,,,,,,,,
Toronto Tennis City,"185 Balliol St, Toronto, ON M4S 1C4",43.69848405,-79.39074644,Red-Clay,,Private,9,Lights,No,Both,Commercial Indoor Private,Toronto,N/A,https://torontotenniscity.com/,,,,Club,,Permanent,"4 all-season courts, 5 summer only",Year-Round,,,,,,,,,
York Racquets Club,"50 Marlborough Ave, Toronto, ON M5R 3J5",43.67962965,-79.39328147,Green-Clay,Hardcourt-Acrylic,Private,7,Lights,No,Indoor,Elite Sports Club,Toronto,N/A,https://yorkracquets.com/,,,,Club,,Permanent,7 indoor courts,Year-Round,,,,,,,,,
Royal Canadian Yacht Club,"141 St George St, Toronto, ON M5R 2L8",43.62441897,-79.3702146,Hardcourt-Acrylic,,Private,4,Lights,No,Outdoor,Elite Sports Club,Toronto,N/A,https://rcyc.ca/,,,,Club,,,4 outdoor Island tennis courts,Year-Round,,,,,,,,,
Granite Club,"2350 Bayview Ave, North York, ON M2L 1E4",43.73340552,-79.38239637,Red-Clay,Green Clay,Private,16,Lights,No,Both,Elite Sports Club,North York,N/A,https://www.graniteclub.com/,,,,Club,,Bubble,12 bubbled indoor courts during winter,Year-Round,,,,,,,,,
The Badminton & Racquet Club of Toronto,"25 St Clair Ave W, Toronto, ON M4V 1K6",43.68730936,-79.39434204,Green-Clay,,Private,4,Lights,No,Both,Elite Sports Club,Toronto,N/A,https://www.thebandr.com/,,,,Club,,Bubble,Bubbled courts in the winter,Year-Round,,,,,,,,,
Upper Canada College,"200 Lonsdale Rd, Toronto, ON M5P 1K7",43.69355205,-79.40535704,Hardcourt-Acrylic,,Private,6,Lights,No,Both,Private Independent School,Toronto,N/A,https://www.ucc.on.ca/athletics/facilities,,,,Club,,Permanent,"Private school, 2 permanent indoor, 4 outdoor courts",Year-Round,,,,,,,,,
Havergal Tennis Club,"1451 Avenue Rd, Toronto, ON M5N 2H9",43.71932137,-79.41216312,Hardcourt-Acrylic,,Private,6,Lights,No,Outdoor,Private Independent School,Toronto,N/A,https://havergalrentals.ca/havergal-tennis-club/,,,,Club,,,"Private school, 6 outdoor, refurbrished in 2025",Summer,,,,,,,,,
The Boulevard Club,"1491 Lake Shore Blvd W, Toronto, ON M6K 3C2",43.63626221,-79.44466058,Green-Clay,,Private,10,Lights,No,Both,Elite Sports Club,Toronto,N/A,https://www.boulevardclub.com/,,,,Club,,Bubble,8 bubbled indoor during winter,Year-Round,,,,,,,,,
Mayfair Clubs Lakeshore,"801 Lake Shore Blvd E, Toronto, ON M4M 1A9",43.65339708,-79.33789543,Hardcourt-Acrylic,,Private,8,Lights,No,Indoor,Commercial Indoor Private,Toronto,N/A,https://mayfairclubs.com/club-locations-programs/mayfair-lakeshore/,,,,Club,,Permanent,Permanent indoor facility,Year-Round,,,,,,,,,
Mayfair Clubs West,"3855 Chesswood Dr, North York, ON M3J 2P6",43.75745184,-79.47400216,Hardcourt-Acrylic,,Private,11,Lights,No,Indoor,Commercial Indoor Private,North York,N/A,https://mayfairclubs.com/club-locations-programs/mayfair-west/,,,,Club,,Permanent,Permanent indoor facility,Year-Round,,,,,,,,,
Eglinton Flats Winter Tennis,"3601 Eglinton Ave W, York, ON M6M 1V7",43.68488608,-79.49448697,Hardcourt-Acrylic,,Private,6,Lights,No,Both,Commercial Indoor Private,York,N/A,https://eglintonflats.com/,,,,Club,,Bubble,Bubble in winter. Operator changed starting Fall 2026,Year-Round,,,,,,,,,
10XTO,"107 Princes' Blvd, Toronto, ON M6K 3C3",43.63376867,-79.41191392,Hardcourt-Acrylic,,Private,4,Lights,No,Indoor,Elite Sports Club,Toronto,N/A,https://www.10xto.com/tennis,,,,Club,,Permanent,Private club,Year-Round,,,,,,,,,
Tennis Canada National Training Centre Toronto,"1 Shoreham Dr #100, North York, ON M3N 2P9",43.77092457,-79.51169208,Hardcourt-Acrylic,,Private,16,Lights,No,Both,Private,North York,N/A,https://www.tenniscanada.com/compete-perform/whole-player-development-pathway/national-regional-training-centers ,,,,Club,,Permanent,"High-performance training programs, Canadian Open major tournament every year",Year-Round,,,,,,,,,
Tait McKenzie Centre Tennis Courts,"York University Tennis Courts, North York, ON M3J",43.77476985,-79.50846416,Hardcourt-Acrylic,,York University,4,Lights,No,Outdoor,Private,North York,N/A,https://yorkulions.ca/sports/2017/7/11/tennis-courts.aspx?id=414,,,,Club,,,"Hard courts, varsity team of York Tennis",Summer,,,,,,,,,
L'Amoreaux Tennis Centre,"300 Silver Springs Blvd, Scarborough, ON M1V 1S4",43.80636393,-79.30508318,Hardcourt-Acrylic,,City of Toronto,14,Lights,No,Both,Commercial Indoor Private,Scarborough,N/A,https://www.toronto.ca/explore-enjoy/parks-recreation/places-spaces/parks-and-recreation-facilities/location/?id=699&title=L%27Amoreaux-Tennis-Centre,,,,Club,,Permanent,"Operates as Scarborough Winter Tennis Club in the Winter. 9 indoor, 5 outdoor courts",Year-Round,,,,,,,,,
Scarborough Winter Tennis Club,"300 Silver Springs Blvd, Scarborough, ON M1V 1S4",43.80636393,-79.30508318,Hardcourt-Acrylic,,City of Toronto,9,Lights,No,Indoor,Commercial Indoor Private,Scarborough,N/A,https://www.swtc.ca/,,,,Club,,Permanent,Operates as L'Amoreaux Tennis Centre in the Summer,Year-Round,,,,,,,,,
Tam Heather Curling & Tennis Club,"730 Military Trail, Scarborough, ON M1E 4P7",43.79157683,-79.19849226,Hardcourt-Acrylic,,City of Toronto,4,Lights,No,Indoor,Private,Scarborough,N/A,https://tamheather.ca/,,,,Club,,Permanent,Operated under a lease agreement with the City of Toronto,Year-Round,,,,,,,,,
University of Toronto Scarborough Tennis Centre,"130 Old Kingston Rd, Scarborough, ON M1E 3J5",43.77949136,-79.18128646,Hardcourt-Acrylic,,University of Toronto,8,Lights,No,Outdoor,Private,Scarborough,N/A,https://www.utsc.utoronto.ca/athletics/tennis-club,,,,Club,,,"Operated by the University of Toronto, many varsity team events",Summer,,,,,,,,,
Donalda Club,"12 Bushbury Dr, North York, ON M3A 2Z7",43.75195604,-79.34193406,Green-Clay,,Private,12,Lights,No,Both,Elite Sports Club,North York,N/A,https://donaldaclub.ca/tennis/,,,,Club,,Bubble,6 bubbled during winter,Year-Round,,,,,,,,,
The Queen's Club,"568 Dupont St, Toronto, ON M6G 1Y9",43.6726426,-79.41801382,Green-Clay,,Private,2,Lights,No,Both,Elite Sports Club,Toronto,N/A,https://queensclub.ca/,,,,Club,,Permanent,Fully enclosed spaces,Year-Round,,,,,,,,,
Lambton Golf and Country Club,"100 Scarlett Rd, York, ON M6N 4K2",43.6667405,-79.50743766,Green-Clay,,Private,5,Lights,No,Both,Elite Sports Club,York,N/A,https://www.lambtongolf.com/,,,,Club,,Bubble,All courts are bubbled in the winter,Year-Round,,,,,,,,,
Crescent School,"2365 Bayview Ave, North York, ON M2L 1A2",43.73223223,-79.37752931,Hardcourt-Acrylic,,Private,3,Lights,No,Indoor,Private Independent School,Toronto,N/A,https://www.crescentschool.org/character-in-action/athletics,,,,Club,,Field House,Field house can be configured for 3 tennis courts. Not permanent,Year-Round,,,,,,,,,
Branksome Hall,"10 Elm Ave, Toronto, ON M4W 1N4",43.67372906,-79.38156292,Hardcourt-Acrylic,,Private,4,Lights,No,Outdoor,Private Independent School,Toronto,N/A,https://branksome.on.ca/learning/student-life/athletics/,,,,Club,,,Private school,Summer,,,,,,,,,
Bishop Strachan School,"298 Lonsdale Rd, Toronto, ON M4V 1X2",43.69128333,-79.40894654,Hardcourt-Acrylic,,Private,3,Lights,No,Outdoor,Private Independent School,Toronto,N/A,https://www.bss.on.ca/student-life/athletics,,,,Club,,,"Private school, can be configured for other sports",Summer,,,,,,,,,
Bayview Glen School,"85 Moatfield Dr, North York, ON M3B 3L6",43.75753976,-79.35020691,Hardcourt-Acrylic,,Private,1,Lights,No,Outdoor,Private Independent School,North York,N/A,https://www.bayviewglen.ca/,,,,Club,,,Private school,Summer,,,,,,,,,
Toronto Cricket Skating and Curling Club,"141 Wilson Ave, Toronto, ON M5M 3A3",43.73955876,-79.41974017,Green-Clay,Hardcourt-Acrylic,Private,13,Lights,No,Both,Elite Sports Club,Toronto,N/A,https://torontocricketclub.com/tennis,,,,Club,,Bubble,"11 green clay, 2 hard courts. Only clay in the winter bubble",Year-Round,,,,,,,,,
Columbus Centre Tennis Club,"901 Lawrence Ave W, North York, ON M6A 1C3",43.71212276,-79.45666841,Hardcourt-Acrylic,,Private,3,Lights,No,Outdoor,Commercial Indoor Private,North York,N/A,https://www.villacharities.com/columbus-centre/columbus-centre-athletic-club/tennis/,,,,Club,,,3 hard courts,Summer,,,,,,,,,
Premier Racquet Clubs Toronto Downsview Club,"2 Hanover Rd, Toronto, ON M3K 0E2",43.73889435,-79.46543497,Hardcourt-Acrylic,,Private,7,Lights,No,Indoor,Commercial Indoor Private,Toronto,N/A,https://www.premierracquetclubs.com/home-downsview,,,,Club,,Bubble,Opening Fall 2026,Year-Round,,,,,,,,,
Supreme Court Tennis Club,"2235 Sheppard Ave E, North York, ON M2J 5B5",43.77288142,-79.32816526,Hardcourt-Acrylic,,Private,4,Lights,No,Indoor,Commercial Indoor Private,North York,N/A,https://thesupremecourt.ca/toronto/,,,,Club,,Bubble,,Year-Round,,,,,,,,,
Plock Tennis Club,"2 Principal Rd unit 8, Scarborough, ON M1R 4E8",43.76070397,-79.29488713,Hardcourt-Acrylic,,Private,1,Lights,No,Indoor,Commercial Indoor Private,Scarborough,N/A,https://www.plocktennisclub.ca/,,,,Club,,Permanent,"1 rally court, 1 practice court",Year-Round,,,,,,,,,
Central Toronto Academy,"570 Shaw St, Toronto, ON M6G 1S8",43.65709799,-79.42137562,Hardcourt-Asphalt,,TDSB,1,Lights,No,Outdoor,Public School,Toronto,N/A,https://tdsb.ebasefm.com/rentals/catalogue/school_details/108,,,,Club,,,TDSB permit may be required,Summer,,,,,,,,,
John G. Althouse MS     ,"130 Lloyd Manor Rd, Etobicoke, ON M9B 5K1",43.66753017,-79.55442422,Hardcourt-Asphalt,,TDSB,2,Lights,No,Outdoor,Public School,Etobicoke,N/A,https://tdsb.ebasefm.com/rentals/catalogue/school_details/337,,,,Club,,,TDSB permit may be required,Summer,,,,,,,,,
Malvern Collegiate Institute    ,"55 Malvern Ave, Toronto, ON M4E 3E4",43.68242272,-79.29297191,Hardcourt-Asphalt,,TDSB,1,Lights,No,Outdoor,Public School,Toronto,N/A,https://tdsb.ebasefm.com/rentals/catalogue/school_details/394,,,,Club,,,TDSB permit may be required,Summer,,,,,,,,,
Richview Collegiate Institute   ,"1738 Islington Ave., Etobicoke, ON M9A 3N2, Canada",43.67887869,-79.54124098,Hardcourt-Asphalt,,TDSB,3,Lights,No,Outdoor,Public School,Etobicoke,N/A,https://tdsb.ebasefm.com/rentals/catalogue/school_details/496,,,,Club,,,TDSB permit may be required,Summer,,,,,,,,,
Humber Valley Village Junior Middle School,"65 Hartfield Rd, Etobicoke, ON M9A 3E1",43.66452998,-79.52466726,Hardcourt-Asphalt,,TDSB,2,Lights,No,Outdoor,Public School,Etobicoke,N/A,https://schoolweb.tdsb.on.ca/Portals/humbervalley/docs/Tennis%20Program%20Sheets_Humber_Valley_v1%20(2).pdf,,,,Club,,,TDSB permit may be required,Summer,,,,,,,,,
North York Tennis Club - South,"120 Bond Ave, North York, ON M3B 1C9",43.74662676,-79.35040007,Hardcourt-Acrylic,,City of Toronto,6,Lights,No,Indoor,Commercial Indoor Private,North York,N/A,https://www.nywintertennisclub.com/sites/courses/template.asp?id=1641&page=105274,,,,Club,,Bubble,Operates as part of The Don Mills Tennis Club in the Summer ,Winter Only,,,,,,,,,
North York Tennis Club - North,"2975 Don Mills Rd W, North York, ON M2J 3B7, Canada",43.78207473,-79.35094533,Hardcourt-Acrylic,,City of Toronto,4,Lights,No,Indoor,Commercial Indoor Private,North York,N/A,https://www.nywintertennisclub.com/sites/courses/template.asp?id=1641&page=105272,,,,Club,,Bubble,Operates year-round,Year-Round,,,,,,,,,
North York Tennis Club - East,"230 Cassandra Blvd, North York, ON M3A 1T8",43.75468102,-79.31878241,Hardcourt-Acrylic,,City of Toronto,4,Lights,No,Indoor,Commercial Indoor Private,North York,N/A,https://www.nywintertennisclub.com/sites/courses/template.asp?id=1641&page=105272,,,,Club,,Bubble,Operates as part of Parkway Valley Tennis Club in the Summer,Winter Only,,,,,,,,,
Cottingham Tennis Club,"107 Cottingham Street, Toronto, ON, M4V 1B9",43.67921922,-79.39623199,Green-Clay,,Private,5,Lights,No,Outdoor,Private,Toronto,N/A,https://www.cottinghamtennis.ca/,,,,Club,,,,Summer,,,,,,,,,
High Park Club,"100 Indian Rd, Toronto, ON, M6R 2V4",43.64261217,-79.45435905,Grass,,Private,2,Lights,No,Outdoor,Elite Sports Club,Toronto,N/A,https://www.highparkclub.com/Tennis,,,,Club,,,,Summer,,,,,,,,,
Rosedale Golf Club,"1901 Mt Pleasant Rd, North York, ON M4N 2W3",43.73706337,-79.39865927,Hardcourt-Acrylic,,Private,1,Lights,No,Outdoor,Elite Sports Club,North York,N/A,https://www.rosedalegolf.org/,,,,Club,,,,Summer,,,,,,,,,
Wedgewood Grove Condominiums Tennis Courts,"30 Thunder Grove, Scarborough, ON M1V 4A3",43.81018067,-79.26663044,Hardcourt-Acrylic,,Private,2,Lights,No,Outdoor,Condo Complex,Scarborough,N/A,,,,,,,,,,,,,,,,,,
Cityplace Harbour View Estates Tennis Court,"35 Mariner Terrace, Toronto, ON M5V 3V9",43.63951736,-79.39157837,Hardcourt-Acrylic,,Private,1,No Lights,No,Outdoor,Condo Complex,Toronto,N/A,http://www.harbourviewestates.ca/,,,,,,,,,,,,,,,,,
80 Harrison Garden Boulevard Tennis Court,"80 Harrison Garden Blvd, North York, ON M2N 7E3",43.7565192,-79.40516887,Hardcourt-Acrylic,,Private,1,No Lights,No,Outdoor,Condo Complex,North York,,,,,,,,,,,,,,,,,,,
15 Northtown Way Tennis Court,"15 Northtown Way, North York, ON M2N 7A2",43.77444222,-79.41311931,Hardcourt-Acrylic,,Private,2,No Lights,No,Outdoor,Condo Complex,North York,,,,,,,,,,,,,,,,,,,
Continental Tower - 15 Dundonald Street,"15 Dundonald St, Toronto, ON M4Y 1K4",43.6655112,-79.38389552,Hardcourt-Acrylic,,Private,1,No Lights,No,Outdoor,Condo Complex,Toronto,,https://www.15dundonaldstreet.com/,,,,,,,,,,,,,,,,,
Citysphere Condominiums Tennis Court,"801 King St W, Toronto, ON M5V 3C9",43.64240332,-79.40597551,Hardcourt-Acrylic,,Private,1,No Lights,No,Outdoor,Condo Complex,Toronto,,,,,,,,,,,,,,,,,,,
"Lighthouse West and East Tower Tennis Court
","15 Lower Jarvis St, Toronto, ON M5E 0C3",43.64538432,-79.36901234,Hardcourt-Acrylic,,Private,1,No Lights,No,Outdoor,Condo Complex,Toronto,,,,,,,,,,,,,,,,,,,
Pinnacle Centre Tennis Court,"33 Bay St., Toronto, ON M5J 0A3",43.6433323,-79.37658301,Hardcourt-Acrylic,,Private,1,No Lights,No,Outdoor,Condo Complex,Toronto,,,,,,,,,,,,,,,,,,,
NXT II Condomiums Tennis Court,"105 The Queensway, Toronto, ON M6S 5B5",43.63580429,-79.47092365,Hardcourt-Acrylic,,Private,1,No Lights,No,Outdoor,Condo Complex,Toronto,,,,,,,,,,,,,,,,,,,
60 Southport Street Tennis Court,"60 Southport St, Toronto, ON M6S 3N4",43.63846018,-79.474415,Artificial Grass,,Private,1,No Lights,No,Outdoor,Condo Complex,Toronto,,,,,,,,,,,,,,,,,,,
1 Harbour Square Tennis Court,"1 Harbour Square, Toronto, ON M5J 2H3",43.6412891,-79.37581192,Hardcourt-Acrylic,,Private,1,No Lights,No,Outdoor,Condo Complex,Toronto,,,,,,,,,Westin Harbour Castle hotel also has access,,,,,,,,,,
Marina Del Rey Condos,"2261 Lake Shore Blvd W, Etobicoke, ON M8V 3X1",43.61939474,-79.48153345,Hardcourt-Acrylic,,Private,2,Lights,No,Outdoor,Condo Complex,Etobicoke,,,,,,,,,,,,,,,,,,,
Palace Pier and Palace Place Tennis Court,"1 Palace Pier Ct, Toronto, ON M8V 3W9",43.63069765,-79.4738572,Hardcourt-Acrylic,,Private,1,Lights,No,Outdoor,Condo Complex,Toronto,,,,,,,,,,,,,,,,,,,
460 Queens Quay West,"460 Queens Quay W, Toronto, ON M5V 2Y5",43.63799685,-79.39321017,Hardcourt-Acrylic,,Private,1,No Lights,No,Outdoor,Condo Complex,Toronto,,,,,,,,,,,,,,,,,,,
University of Toronto Athletics Centre Tennis Courts,"55 Harbord St, Toronto, ON M5S 2W6",43.66305928,-79.40119545,Hardcourt-Acrylic,,Private,2,Lights,No,Indoor,Private,Toronto,,https://kpe.utoronto.ca/sport-recreationrecreational-fitness-drop-sportsdrop-sports-activities/drop-tenniss,,,,,,,Drop-in play only during select times,,,,,,,,,,
York Condominium Corporation,"1900 Sheppard Ave E, North York, ON M2J 4T4",43.77671013,-79.33628263,Hardcourt-Acrylic,,Private,2,No Lights,No,Outdoor,Condo Complex,North York,,,,,,,,,,,,,,,,,,,
Cedar Grove Appartments,"24 Forest Manor Rd #512, North York, ON M2J 1M3",43.77106776,-79.34569084,Hardcourt-Acrylic,,Private,2,No Lights,No,Outdoor,Condo Complex,North York,,,,,,,,,,,,,,,,,,,
York Gardens Tennis Courts,"5 Parkway Forest Dr, North York, ON M2J 1L2",43.76843124,-79.34523154,Hardcourt-Acrylic,,Private,2,Lights,No,Outdoor,Condo Complex,North York,,,,,,,,,,,,,,,,,,,
Don Mills College Institute Tennis Courts,"15 The Donway E, North York, ON M3C 1X6",43.73655487,-79.33853005,Hardcourt-Acrylic,,TDSB,2,Lights,No,Outdoor,Public School,North York,,,,,,,,,,,,,,,,,,,
"East York Collegiate Institute Tennis Courts
","650 Cosburn Ave., East York, ON M4C 2V2",43.69627844,-79.32556939,Hardcourt-Asphalt,,TDSB,4,No Lights,No,Outdoor,Public School,North York,,,,,,,,,,,,,,,,,,,
"Riverdale Collegiate Institute Tennis Courts
","1094 Gerrard St E, Toronto, ON M4M 2A1",43.67012754,-79.33369764,Hardcourt-Asphalt,,TDSB,4,No Lights,No,Outdoor,Public School,Toronto,,,,,,,,,Permit required,,,,,,,,,,
Otter Creek Centre,"140 Cheritan Ave, Toronto, ON M4R 1S8",43.7210896,-79.40984633,Hardcourt-Asphalt,,City of Toronto,1,No Lights,1,Outdoor,Public,Toronto,,,,,,,,,Shared with Pickleball,,,,,,,,,,
Birchmount Park Collegiate Institute Tennis Courts,"3663 Danforth Ave, Scarborough, ON M1N 2G2",43.6974107,-79.26150354,Hardcourt-Asphalt,,TDSB,2,Lights,No,Outdoor,Public School,Scarborough,,,,,,,,,,,,,,,,,,,
Humberside Collegiate Institute,"280 Quebec Ave, Toronto, ON M6P 2V3",43.65976342,-79.4697926,Hardcourt-Asphalt,,TDSB,4,No Lights,No,Outdoor,Public School,Toronto,,,,,,,,,,,,,,,,,,,
Harbord Collegiate Institute,"286 Harbord St, Toronto, ON M6G 1G5",43.66204291,-79.41414251,Hardcourt-Asphalt,,TDSB,2,No Lights,No,Outdoor,Public School,Toronto,,,,,,,,,,,,,,,,,,,
Parkdale Collegiate Institute,"209 Jameson Ave, Toronto, ON M6K 2Y3",43.63904476,-79.43587358,Hardcourt-Asphalt,,TDSB,2,No Lights,No,Outdoor,Public School,Toronto,,,,,,,,,Permit may be required,,,,,,,,,,
"Silverthorn Collegiate Institute
","291 Mill Rd, Etobicoke, ON M9C 1Y5",43.63915731,-79.5807822,Hardcourt-Acrylic,,TDSB,3,Lights,No,Outdoor,Public School,Toronto,,,,,,,,,,,,,,,,,,,
"Bretton Place Apartments
","44 Jackes Ave, Toronto, ON M4T 3A6",43.68615635,-79.39223042,Artificial Grass,,Private,1,No Lights,No,Outdoor,Condo Complex,Toronto,,,,,,,,,,,,,,,,,,,
The Summerhill,"7 Jackes Ave, Toronto, ON M4T 1E3",43.68438307,-79.39142816,Hardcourt-Acrylic,,Private,1,No Lights,No,Outdoor,Condo Complex,Toronto,,,,,,,,,,,,,,,,,,,
The Ports Condominium Complex,"15 Summerhill Ave, Toronto, ON M4T 1A9",43.68300381,-79.39093583,Hardcourt-Acrylic,,Private,1,No Lights,1,Outdoor,Condo Complex,Toronto,,,,,,,,,,,,,,,,,,,
Upper Canada Court Condominium Complex,"140 Erskine Ave, Toronto, ON M4P 1Z2",43.7130853,-79.39441331,Hardcourt-Acrylic,,Private,1,No Lights,No,Outdoor,Condo Complex,Toronto,,,,,,,,,,,,,,,,,,,
Royal Rose Apartments,"165 La Rose Ave, Etobicoke, ON M9P 3S9",43.68345526,-79.52505691,Hardcourt-Acrylic,,Private,1,No Lights,No,Outdoor,Condo Complex,Etobicoke,,,,,,,,,,,,,,,,,,,
"Cambridge Place Apartments
","30 Denton Ave, Scarborough, ON M1L 4P2",43.69459415,-79.28815868,Hardcourt-Asphalt,,Private,2,No Lights,No,Outdoor,Condo Complex,Scarborough,,,,,,,,,,,,,,,,,,,
Cloisters Of The Don,"10 Roanoke Rd, North York, ON M3A 1E7",43.74212519,-79.32950075,Hardcourt-Asphalt,,Private,1,Lights,No,Outdoor,Condo Complex,North York,,,,,,,,,,,,,,,,,,,
The Residences at The Consilium I,"88 Corporate Dr, Scarborough, ON M1H 3G6",43.78097935,-79.25136871,Hardcourt-Acrylic,,Private,4,No Lights,No,Outdoor,Condo Complex,Scarborough,,,,,,,,,,,,,,,,,,,
"300 Alton Towers
","300 Alton Towers Cir, Scarborough, ON M1V 4X9",43.82452777,-79.2758535,Hardcourt-Acrylic,,Private,3,No Lights,No,Outdoor,Condo Complex,Scarborough,,,,,,,,,,,,,,,,,,,
"88 Alton Towers Circle
","88 Alton Towers Cir #611, Scarborough, ON M1V 5C5",43.8247082,-79.27379214,Hardcourt-Acrylic,,Private,2,Lights,No,Outdoor,Condo Complex,Scarborough,,,,,,,,,,,,,,,,,,,
Bridletowne Condonomiums,"3151 Bridletowne Cir #301, Scarborough, ON M1W 2T1",43.79844298,-79.32082747,Hardcourt-Acrylic,,Private,1,No Lights,No,Outdoor,Condo Complex,Scarborough,,,,,,,,,,,,,,,,,,,
2800 Warden Appartment Complex,"2800 Warden Ave., Scarborough, ON M1W 3Z6",43.79537701,-79.31595187,Hardcourt-Acrylic,,Private,2,No Lights,No,Outdoor,Condo Complex,Scarborough,,,,,,,,,,,,,,,,,,,
"1230 Bridletowne Circle Appartment Complex
","1230 Bridletowne Cir, Scarborough, ON M1W 2V1",43.7942568,-79.31424258,Hardcourt-Acrylic,,Private,2,No Lights,No,Outdoor,Condo Complex,Scarborough,,,,,,,,,,,,,,,,,,,
2350 Bridletowne Circle Appartments,"2350 Bridletowne Cir, Scarborough, ON M1W 3E6",43.80082903,-79.31784963,Hardcourt-Acrylic,,Private,2,No Lights,No,Outdoor,Condo Complex,Scarborough,,,,,,,,,,,,,,,,,,,
2550 Pharmacy Avenue Appartments,"2550 Pharmacy Ave, Scarborough, ON M1W 1H9",43.79368387,-79.32679986,Hardcourt-Acrylic,,Private,1,No Lights,No,Outdoor,Condo Complex,Scarborough,,,,,,,,,,,,,,,,,,,
Private Residences at Bridle Path,"35 High Point Rd, North York, ON M3C 2R2",43.7318215,-79.3657303,Hardcourt-Acrylic,,Private,25,No Lights,No,Outdoor,Luxury Residences,North York,,,,,,,,,Variety of luxury residences in this neighbourhood/area (over 20+),,,,,,,,,,
